horodatage_utc,perimetre,carburant,n,prix_moyen,prix_max,station_max,prix_min,station_min,n_ge_2_99,n_ge_3_00
2026-09-23T09:14:10.730614+00:00,france,gazole,8568,2.41,2.9,Paris (75007),1.99,Redon (35600),0,0
2026-09-23T09:14:10.730614+00:00,france,e10,6912,2.1698,2.649,Verrières-en-Anjou (49480),1.98,Limogne-en-Quercy (46260),,
2026-09-23T09:14:10.730614+00:00,npdc,gazole,435,2.3874,2.689,Grande-Synthe (59760),2.225,Lille (59160),0,0
2026-09-23T09:14:10.730614+00:00,npdc,e10,374,2.1321,2.449,Grande-Synthe (59760),1.99,La Sentinelle (59174),,
2026-09-23T09:22:34.475371+00:00,france,gazole,8570,2.4097,2.9,Paris (75007),1.395,Saône (25660)
2026-09-23T09:22:34.475371+00:00,france,e10,6909,2.1698,2.649,Verrières-en-Anjou (49480),1.98,Limogne-en-Quercy (46260)
2026-09-23T09:22:34.475371+00:00,npdc,gazole,434,2.3877,2.689,Grande-Synthe (59760),2.225,Lille (59160)
2026-09-23T09:22:34.475371+00:00,npdc,e10,374,2.1319,2.449,Grande-Synthe (59760),1.99,La Sentinelle (59174)
2026-09-23T09:32:49.736077+00:00,france,gazole,8570,2.4097,2.9,Paris (75007),1.395,Saône (25660)
2026-09-23T09:32:49.736077+00:00,france,e10,6909,2.1698,2.649,Verrières-en-Anjou (49480),1.98,Limogne-en-Quercy (46260)
2026-09-23T09:32:49.736077+00:00,npdc,gazole,434,2.3877,2.689,Grande-Synthe (59760),2.225,Lille (59160)
2026-09-23T09:32:49.736077+00:00,npdc,e10,374,2.1319,2.449,Grande-Synthe (59760),1.99,La Sentinelle (59174)
2026-09-23T09:41:48.650554+00:00,france,gazole,8576,2.4096,2.9,Paris (75007),1.99,Redon (35600)
2026-09-23T09:41:48.650554+00:00,france,e10,6909,2.1698,2.649,Verrières-en-Anjou (49480),1.98,Limogne-en-Quercy (46260)
2026-09-23T09:41:48.650554+00:00,npdc,gazole,436,2.387,2.689,Grande-Synthe (59760),2.225,Lille (59160)
2026-09-23T09:41:48.650554+00:00,npdc,e10,374,2.1318,2.449,Grande-Synthe (59760),1.99,La Sentinelle (59174)
2026-09-23T09:44:21.324920+00:00,france,gazole,8576,2.4096,2.9,Paris (75007),1.99,Redon (35600)
2026-09-23T09:44:21.324920+00:00,france,e10,6909,2.1698,2.649,Verrières-en-Anjou (49480),1.98,Limogne-en-Quercy (46260)
2026-09-23T09:44:21.324920+00:00,npdc,gazole,436,2.387,2.689,Grande-Synthe (59760),2.225,Lille (59160)
2026-09-23T09:44:21.324920+00:00,npdc,e10,374,2.1318,2.449,Grande-Synthe (59760),1.99,La Sentinelle (59174)
2026-09-23T15:08:16.453435+00:00,france,gazole,8608,2.4083,2.9,Paris (75007),2.19,Lannilis (29870)
2026-09-23T15:08:16.453435+00:00,france,e10,6913,2.1692,2.649,Verrières-en-Anjou (49480),1.98,Limogne-en-Quercy (46260)
2026-09-23T15:08:16.453435+00:00,npdc,gazole,439,2.3848,2.689,Grande-Synthe (59760),2.203,Caudry (59540)
2026-09-23T15:08:16.453435+00:00,npdc,e10,370,2.1327,2.449,Grande-Synthe (59760),1.99,Waziers (59119)
2026-09-23T19:44:37.148564+00:00,france,gazole,8511,2.4098,2.9,Paris (75007),2.19,Lannilis (29870)
2026-09-23T19:44:37.148564+00:00,france,e10,6843,2.1708,2.649,Verrières-en-Anjou (49480),1.98,Limogne-en-Quercy (46260)
2026-09-23T19:44:37.148564+00:00,npdc,gazole,431,2.387,2.689,Grande-Synthe (59760),2.203,Caudry (59540)
2026-09-23T19:44:37.148564+00:00,npdc,e10,357,2.1376,2.449,Grande-Synthe (59760),1.99,Waziers (59119)
2026-09-23T23:02:06.213875+00:00,france,gazole,8604,2.408,2.9,Paris (75007),2.19,Lannilis (29870)
2026-09-23T23:02:06.213875+00:00,france,e10,6937,2.1684,2.649,Verrières-en-Anjou (49480),1.98,Limogne-en-Quercy (46260)
2026-09-23T23:02:06.213875+00:00,npdc,gazole,434,2.386,2.689,Grande-Synthe (59760),2.203,Caudry (59540)
2026-09-23T23:02:06.213875+00:00,npdc,e10,363,2.1351,2.449,Grande-Synthe (59760),1.99,Waziers (59119)
2026-09-24T05:09:00.203424+00:00,france,gazole,8611,2.4078,2.9,Paris (75007),2.19,Lannilis (29870)
2026-09-24T05:09:00.203424+00:00,france,e10,6942,2.1684,2.649,Verrières-en-Anjou (49480),1.98,Limogne-en-Quercy (46260)
2026-09-24T05:09:00.203424+00:00,npdc,gazole,434,2.3861,2.689,Grande-Synthe (59760),2.203,Caudry (59540)
2026-09-24T05:09:00.203424+00:00,npdc,e10,363,2.1352,2.449,Grande-Synthe (59760),1.99,Waziers (59119)
2026-09-24T11:58:41.396153+00:00,france,gazole,8665,2.4042,2.9,Paris (75007),2.19,Lannilis (29870)
2026-09-24T11:58:41.396153+00:00,france,e10,6988,2.1672,2.649,Verrières-en-Anjou (49480),1.98,Avrainville (91630)
2026-09-24T11:58:41.396153+00:00,npdc,gazole,442,2.3808,2.732,Étaples (62630),2.203,Caudry (59540)
2026-09-24T11:58:41.396153+00:00,npdc,e10,375,2.1309,2.449,Grande-Synthe (59760),1.99,La Sentinelle (59174)
2026-09-24T12:30:52.126853+00:00,france,gazole,8664,2.4042,2.9,Paris (75007),2.19,Lannilis (29870)
2026-09-24T12:30:52.126853+00:00,france,e10,6988,2.1672,2.649,Verrières-en-Anjou (49480),1.98,Avrainville (91630)
2026-09-24T12:30:52.126853+00:00,npdc,gazole,442,2.3808,2.732,Étaples (62630),2.203,Caudry (59540)
2026-09-24T12:30:52.126853+00:00,npdc,e10,375,2.1309,2.449,Grande-Synthe (59760),1.99,La Sentinelle (59174)
2026-09-24T13:01:23.394544+00:00,france,gazole,8664,2.4042,2.9,Paris (75007),2.19,Lannilis (29870)
2026-09-24T13:01:23.394544+00:00,france,e10,6989,2.1672,2.649,Verrières-en-Anjou (49480),1.98,Avrainville (91630)
2026-09-24T13:01:23.394544+00:00,npdc,gazole,442,2.3807,2.732,Étaples (62630),2.203,Caudry (59540)
2026-09-24T13:01:23.394544+00:00,npdc,e10,375,2.1309,2.449,Grande-Synthe (59760),1.99,La Sentinelle (59174)
2026-09-24T13:31:01.716661+00:00,france,gazole,8665,2.4041,2.9,Paris (75007),2.19,Lannilis (29870)
2026-09-24T13:31:01.716661+00:00,france,e10,6990,2.1672,2.649,Verrières-en-Anjou (49480),1.98,Avrainville (91630)
2026-09-24T13:31:01.716661+00:00,npdc,gazole,445,2.3802,2.732,Étaples (62630),2.203,Caudry (59540)
2026-09-24T13:31:01.716661+00:00,npdc,e10,377,2.1302,2.449,Grande-Synthe (59760),1.99,La Sentinelle (59174)
2026-09-24T14:01:28.087405+00:00,france,gazole,8661,2.4041,2.9,Paris (75007),2.19,Lannilis (29870)
2026-09-24T14:01:28.087405+00:00,france,e10,6990,2.1672,2.649,Verrières-en-Anjou (49480),1.98,Avrainville (91630)
2026-09-24T14:01:28.087405+00:00,npdc,gazole,447,2.3796,2.732,Étaples (62630),2.203,Caudry (59540)
2026-09-24T14:01:28.087405+00:00,npdc,e10,379,2.1294,2.449,Grande-Synthe (59760),1.99,Waziers (59119)
2026-09-24T14:30:55.571411+00:00,france,gazole,8665,2.404,2.9,Paris (75007),1.225,Blagnac (31700)
2026-09-24T14:30:55.571411+00:00,france,e10,6996,2.1672,2.649,Verrières-en-Anjou (49480),1.98,Avrainville (91630)
2026-09-24T14:30:55.571411+00:00,npdc,gazole,445,2.3801,2.732,Étaples (62630),2.203,Caudry (59540)
2026-09-24T14:30:55.571411+00:00,npdc,e10,379,2.1294,2.449,Grande-Synthe (59760),1.99,Waziers (59119)
2026-09-24T15:01:22.734984+00:00,france,gazole,8666,2.404,2.9,Paris (75007),1.225,Blagnac (31700)
2026-09-24T15:01:22.734984+00:00,france,e10,6992,2.1672,2.649,Verrières-en-Anjou (49480),1.98,Avrainville (91630)
2026-09-24T15:01:22.734984+00:00,npdc,gazole,445,2.38,2.732,Étaples (62630),2.203,Caudry (59540)
2026-09-24T15:01:22.734984+00:00,npdc,e10,379,2.1295,2.449,Grande-Synthe (59760),1.99,Waziers (59119)
2026-09-24T15:30:52.888611+00:00,france,gazole,8658,2.4042,2.9,Paris (75007),2.19,Lannilis (29870)
2026-09-24T15:30:52.888611+00:00,france,e10,6992,2.1672,2.649,Verrières-en-Anjou (49480),1.98,Avrainville (91630)
2026-09-24T15:30:52.888611+00:00,npdc,gazole,447,2.3796,2.732,Étaples (62630),2.203,Caudry (59540)
2026-09-24T15:30:52.888611+00:00,npdc,e10,379,2.1294,2.449,Grande-Synthe (59760),1.99,Waziers (59119)
2026-09-24T16:01:19.288830+00:00,france,gazole,8660,2.4042,2.9,Paris (75007),2.19,Lannilis (29870)
2026-09-24T16:01:19.288830+00:00,france,e10,6987,2.1674,2.649,Verrières-en-Anjou (49480),1.98,Avrainville (91630)
2026-09-24T16:01:19.288830+00:00,npdc,gazole,445,2.3801,2.732,Étaples (62630),2.225,Lille (59160)
2026-09-24T16:01:19.288830+00:00,npdc,e10,380,2.1292,2.449,Grande-Synthe (59760),1.99,Waziers (59119)
2026-09-24T16:31:01.496308+00:00,france,gazole,8666,2.404,2.9,Paris (75007),1.225,Blagnac (31700)
2026-09-24T16:31:01.496308+00:00,france,e10,6992,2.1672,2.649,Verrières-en-Anjou (49480),1.98,Avrainville (91630)
2026-09-24T16:31:01.496308+00:00,npdc,gazole,445,2.38,2.732,Étaples (62630),2.203,Caudry (59540)
2026-09-24T16:31:01.496308+00:00,npdc,e10,379,2.1295,2.449,Grande-Synthe (59760),1.99,Waziers (59119)
2026-09-24T17:01:53.233174+00:00,france,gazole,8636,2.4046,2.9,Paris (75007),2.19,Lannilis (29870)
2026-09-24T17:01:53.233174+00:00,france,e10,6974,2.1678,2.649,Verrières-en-Anjou (49480),1.98,Avrainville (91630)
2026-09-24T17:01:53.233174+00:00,npdc,gazole,446,2.3799,2.732,Étaples (62630),2.225,Lille (59160)
2026-09-24T17:01:53.233174+00:00,npdc,e10,381,2.1286,2.449,Grande-Synthe (59760),1.99,Waziers (59119)
2026-09-24T17:14:01.677277+00:00,france,gazole,8658,2.4042,2.9,Paris (75007),2.19,Lannilis (29870)
2026-09-24T17:14:01.677277+00:00,france,e10,6987,2.1674,2.649,Verrières-en-Anjou (49480),1.98,Avrainville (91630)
2026-09-24T17:14:01.677277+00:00,npdc,gazole,446,2.3799,2.732,Étaples (62630),2.225,Lille (59160)
2026-09-24T17:14:01.677277+00:00,npdc,e10,381,2.1286,2.449,Grande-Synthe (59760),1.99,Waziers (59119)
2026-09-24T17:30:59.142064+00:00,france,gazole,8618,2.4048,2.9,Paris (75007),2.19,Lannilis (29870)
2026-09-24T17:30:59.142064+00:00,france,e10,6955,2.1683,2.649,Verrières-en-Anjou (49480),1.98,Avrainville (91630)
2026-09-24T17:30:59.142064+00:00,npdc,gazole,446,2.3799,2.732,Étaples (62630),2.225,Lille (59160)
2026-09-24T17:30:59.142064+00:00,npdc,e10,380,2.129,2.449,Grande-Synthe (59760),1.99,Waziers (59119)
2026-09-24T18:01:16.730998+00:00,france,gazole,8614,2.4049,2.9,Paris (75007),2.19,Lannilis (29870)
2026-09-24T18:01:16.730998+00:00,france,e10,6949,2.1685,2.649,Verrières-en-Anjou (49480),1.98,Avrainville (91630)
2026-09-24T18:01:16.730998+00:00,npdc,gazole,446,2.3799,2.732,Étaples (62630),2.225,Lille (59160)
2026-09-24T18:01:16.730998+00:00,npdc,e10,380,2.129,2.449,Grande-Synthe (59760),1.99,Waziers (59119)
2026-09-24T18:31:09.905860+00:00,france,gazole,8626,2.4047,2.9,Paris (75007),2.19,Lannilis (29870)
2026-09-24T18:31:09.905860+00:00,france,e10,6959,2.1682,2.649,Verrières-en-Anjou (49480),1.98,Avrainville (91630)
2026-09-24T18:31:09.905860+00:00,npdc,gazole,446,2.3799,2.732,Étaples (62630),2.225,Lille (59160)
2026-09-24T18:31:09.905860+00:00,npdc,e10,380,2.129,2.449,Grande-Synthe (59760),1.99,Waziers (59119)
2026-09-24T19:00:59.660708+00:00,france,gazole,8606,2.405,2.9,Paris (75007),2.19,Lannilis (29870)
2026-09-24T19:00:59.660708+00:00,france,e10,6932,2.1688,2.649,Verrières-en-Anjou (49480),1.98,Avrainville (91630)
2026-09-24T19:00:59.660708+00:00,npdc,gazole,445,2.3804,2.732,Étaples (62630),2.225,Lille (59160)
2026-09-24T19:00:59.660708+00:00,npdc,e10,379,2.1294,2.449,Grande-Synthe (59760),1.99,Waziers (59119)
2026-09-24T19:30:46.832036+00:00,france,gazole,8590,2.4052,2.9,Paris (75007),2.19,Lannilis (29870)
2026-09-24T19:30:46.832036+00:00,france,e10,6922,2.1689,2.649,Verrières-en-Anjou (49480),1.989,La Fouillade (12270)
2026-09-24T19:30:46.832036+00:00,npdc,gazole,443,2.3807,2.732,Étaples (62630),2.225,Lille (59160)
2026-09-24T19:30:46.832036+00:00,npdc,e10,380,2.1287,2.449,Grande-Synthe (59760),1.99,Waziers (59119)
2026-09-24T20:00:51.645289+00:00,france,gazole,8576,2.4054,2.9,Paris (75007),2.19,Lannilis (29870)
2026-09-24T20:00:51.645289+00:00,france,e10,6902,2.1694,2.649,Verrières-en-Anjou (49480),1.989,La Fouillade (12270)
2026-09-24T20:00:51.645289+00:00,npdc,gazole,439,2.3819,2.732,Étaples (62630),2.225,Lille (59160)
2026-09-24T20:00:51.645289+00:00,npdc,e10,375,2.1306,2.449,Grande-Synthe (59760),1.99,La Sentinelle (59174)
2026-09-24T20:30:48.466714+00:00,france,gazole,8595,2.4052,2.9,Paris (75007),2.19,Lannilis (29870)
2026-09-24T20:30:48.466714+00:00,france,e10,6927,2.1689,2.649,Verrières-en-Anjou (49480),1.98,Avrainville (91630)
2026-09-24T20:30:48.466714+00:00,npdc,gazole,445,2.3804,2.732,Étaples (62630),2.225,Lille (59160)
2026-09-24T20:30:48.466714+00:00,npdc,e10,381,2.1286,2.449,Grande-Synthe (59760),1.99,Waziers (59119)
2026-09-24T21:00:48.887699+00:00,france,gazole,8571,2.4055,2.9,Paris (75007),2.19,Lannilis (29870)
2026-09-24T21:00:48.887699+00:00,france,e10,6896,2.1696,2.649,Verrières-en-Anjou (49480),1.989,La Fouillade (12270)
2026-09-24T21:00:48.887699+00:00,npdc,gazole,438,2.3822,2.732,Étaples (62630),2.225,Lille (59160)
2026-09-24T21:00:48.887699+00:00,npdc,e10,374,2.1309,2.449,Grande-Synthe (59760),1.99,La Sentinelle (59174)
2026-09-24T21:30:38.219072+00:00,france,gazole,8566,2.4056,2.9,Paris (75007),2.19,Lannilis (29870)
2026-09-24T21:30:38.219072+00:00,france,e10,6891,2.1697,2.649,Verrières-en-Anjou (49480),1.989,La Fouillade (12270)
2026-09-24T21:30:38.219072+00:00,npdc,gazole,438,2.3822,2.732,Étaples (62630),2.225,Lille (59160)
2026-09-24T21:30:38.219072+00:00,npdc,e10,374,2.1309,2.449,Grande-Synthe (59760),1.99,La Sentinelle (59174)
2026-09-24T22:00:43.353431+00:00,france,gazole,8566,2.4056,2.9,Paris (75007),2.19,Lannilis (29870)
2026-09-24T22:00:43.353431+00:00,france,e10,6890,2.1698,2.649,Verrières-en-Anjou (49480),1.989,La Fouillade (12270)
2026-09-24T22:00:43.353431+00:00,npdc,gazole,438,2.3823,2.732,Étaples (62630),2.225,Lille (59160)
2026-09-24T22:00:43.353431+00:00,npdc,e10,374,2.131,2.449,Grande-Synthe (59760),1.99,La Sentinelle (59174)
2026-09-24T22:30:37.965056+00:00,france,gazole,8565,2.4056,2.9,Paris (75007),2.19,Lannilis (29870)
2026-09-24T22:30:37.965056+00:00,france,e10,6888,2.1698,2.649,Verrières-en-Anjou (49480),1.989,La Fouillade (12270)
2026-09-24T22:30:37.965056+00:00,npdc,gazole,438,2.3823,2.732,Étaples (62630),2.225,Lille (59160)
2026-09-24T22:30:37.965056+00:00,npdc,e10,374,2.131,2.449,Grande-Synthe (59760),1.99,La Sentinelle (59174)
2026-09-24T23:00:42.063396+00:00,france,gazole,8565,2.4056,2.9,Paris (75007),2.19,Lannilis (29870)
2026-09-24T23:00:42.063396+00:00,france,e10,6887,2.1699,2.649,Verrières-en-Anjou (49480),1.989,La Fouillade (12270)
2026-09-24T23:00:42.063396+00:00,npdc,gazole,438,2.3823,2.732,Étaples (62630),2.225,Lille (59160)
2026-09-24T23:00:42.063396+00:00,npdc,e10,374,2.131,2.449,Grande-Synthe (59760),1.99,La Sentinelle (59174)
2026-09-24T23:13:52.590946+00:00,france,gazole,8567,2.4056,2.9,Paris (75007),2.19,Lannilis (29870)
2026-09-24T23:13:52.590946+00:00,france,e10,6893,2.1697,2.649,Verrières-en-Anjou (49480),1.989,La Fouillade (12270)
2026-09-24T23:13:52.590946+00:00,npdc,gazole,438,2.3822,2.732,Étaples (62630),2.225,Lille (59160)
2026-09-24T23:13:52.590946+00:00,npdc,e10,374,2.1309,2.449,Grande-Synthe (59760),1.99,La Sentinelle (59174)
2026-09-24T23:30:35.161703+00:00,france,gazole,8660,2.4039,2.9,Paris (75007),2.19,Lannilis (29870)
2026-09-24T23:30:35.161703+00:00,france,e10,6996,2.1671,2.649,Verrières-en-Anjou (49480),1.989,La Fouillade (12270)
2026-09-24T23:30:35.161703+00:00,npdc,gazole,448,2.3795,2.732,Étaples (62630),2.225,Lille (59160)
2026-09-24T23:30:35.161703+00:00,npdc,e10,384,2.1274,2.449,Grande-Synthe (59760),1.99,La Sentinelle (59174)
2026-09-25T00:00:47.057314+00:00,france,gazole,8660,2.4039,2.9,Paris (75007),2.19,Lannilis (29870)
2026-09-25T00:00:47.057314+00:00,france,e10,6996,2.1671,2.649,Verrières-en-Anjou (49480),1.989,La Fouillade (12270)
2026-09-25T00:00:47.057314+00:00,npdc,gazole,448,2.3795,2.732,Étaples (62630),2.225,Lille (59160)
2026-09-25T00:00:47.057314+00:00,npdc,e10,384,2.1274,2.449,Grande-Synthe (59760),1.99,La Sentinelle (59174)
2026-09-25T00:30:37.123492+00:00,france,gazole,8660,2.4039,2.9,Paris (75007),2.19,Lannilis (29870)
2026-09-25T00:30:37.123492+00:00,france,e10,6996,2.1671,2.649,Verrières-en-Anjou (49480),1.989,La Fouillade (12270)
2026-09-25T00:30:37.123492+00:00,npdc,gazole,448,2.3795,2.732,Étaples (62630),2.225,Lille (59160)
2026-09-25T00:30:37.123492+00:00,npdc,e10,384,2.1274,2.449,Grande-Synthe (59760),1.99,La Sentinelle (59174)
2026-09-25T01:00:46.366334+00:00,france,gazole,8660,2.4039,2.9,Paris (75007),2.19,Lannilis (29870)
2026-09-25T01:00:46.366334+00:00,france,e10,6996,2.1671,2.649,Verrières-en-Anjou (49480),1.989,La Fouillade (12270)
2026-09-25T01:00:46.366334+00:00,npdc,gazole,448,2.3795,2.732,Étaples (62630),2.225,Lille (59160)
2026-09-25T01:00:46.366334+00:00,npdc,e10,384,2.1274,2.449,Grande-Synthe (59760),1.99,La Sentinelle (59174)
2026-09-25T01:30:41.061183+00:00,france,gazole,8660,2.4039,2.9,Paris (75007),2.19,Lannilis (29870)
2026-09-25T01:30:41.061183+00:00,france,e10,6996,2.1671,2.649,Verrières-en-Anjou (49480),1.989,La Fouillade (12270)
2026-09-25T01:30:41.061183+00:00,npdc,gazole,448,2.3795,2.732,Étaples (62630),2.225,Lille (59160)
2026-09-25T01:30:41.061183+00:00,npdc,e10,384,2.1274,2.449,Grande-Synthe (59760),1.99,La Sentinelle (59174)
2026-09-25T02:00:44.707250+00:00,france,gazole,8660,2.4039,2.9,Paris (75007),2.19,Lannilis (29870)
2026-09-25T02:00:44.707250+00:00,france,e10,6996,2.1671,2.649,Verrières-en-Anjou (49480),1.989,La Fouillade (12270)
2026-09-25T02:00:44.707250+00:00,npdc,gazole,448,2.3795,2.732,Étaples (62630),2.225,Lille (59160)
2026-09-25T02:00:44.707250+00:00,npdc,e10,384,2.1274,2.449,Grande-Synthe (59760),1.99,La Sentinelle (59174)
2026-09-25T02:30:44.375943+00:00,france,gazole,8660,2.4039,2.9,Paris (75007),2.19,Lannilis (29870)
2026-09-25T02:30:44.375943+00:00,france,e10,6996,2.1671,2.649,Verrières-en-Anjou (49480),1.989,La Fouillade (12270)
2026-09-25T02:30:44.375943+00:00,npdc,gazole,448,2.3795,2.732,Étaples (62630),2.225,Lille (59160)
2026-09-25T02:30:44.375943+00:00,npdc,e10,384,2.1274,2.449,Grande-Synthe (59760),1.99,La Sentinelle (59174)
2026-09-25T03:00:48.188290+00:00,france,gazole,8660,2.4039,2.9,Paris (75007),2.19,Lannilis (29870)
2026-09-25T03:00:48.188290+00:00,france,e10,6996,2.1671,2.649,Verrières-en-Anjou (49480),1.989,La Fouillade (12270)
2026-09-25T03:00:48.188290+00:00,npdc,gazole,448,2.3795,2.732,Étaples (62630),2.225,Lille (59160)
2026-09-25T03:00:48.188290+00:00,npdc,e10,384,2.1274,2.449,Grande-Synthe (59760),1.99,La Sentinelle (59174)
2026-09-25T03:30:43.149139+00:00,france,gazole,8660,2.4039,2.9,Paris (75007),2.19,Lannilis (29870)
2026-09-25T03:30:43.149139+00:00,france,e10,6996,2.1671,2.649,Verrières-en-Anjou (49480),1.989,La Fouillade (12270)
2026-09-25T03:30:43.149139+00:00,npdc,gazole,448,2.3795,2.732,Étaples (62630),2.225,Lille (59160)
2026-09-25T03:30:43.149139+00:00,npdc,e10,384,2.1274,2.449,Grande-Synthe (59760),1.99,La Sentinelle (59174)
2026-09-25T04:00:46.991565+00:00,france,gazole,8660,2.4039,2.9,Paris (75007),2.19,Lannilis (29870)
2026-09-25T04:00:46.991565+00:00,france,e10,6996,2.1671,2.649,Verrières-en-Anjou (49480),1.989,La Fouillade (12270)
2026-09-25T04:00:46.991565+00:00,npdc,gazole,448,2.3795,2.732,Étaples (62630),2.225,Lille (59160)
2026-09-25T04:00:46.991565+00:00,npdc,e10,384,2.1274,2.449,Grande-Synthe (59760),1.99,La Sentinelle (59174)
2026-09-25T04:30:44.000757+00:00,france,gazole,8669,2.4037,2.9,Paris (75007),2.19,Lannilis (29870)
2026-09-25T04:30:44.000757+00:00,france,e10,7003,2.167,2.649,Verrières-en-Anjou (49480),1.989,La Fouillade (12270)
2026-09-25T04:30:44.000757+00:00,npdc,gazole,449,2.3792,2.732,Étaples (62630),2.225,Lille (59160)
2026-09-25T04:30:44.000757+00:00,npdc,e10,385,2.127,2.449,Grande-Synthe (59760),1.99,La Sentinelle (59174)
2026-09-25T05:00:44.325833+00:00,france,gazole,8673,2.4036,2.9,Paris (75007),2.19,Lannilis (29870)
2026-09-25T05:00:44.325833+00:00,france,e10,7006,2.167,2.649,Verrières-en-Anjou (49480),1.989,La Fouillade (12270)
2026-09-25T05:00:44.325833+00:00,npdc,gazole,452,2.3783,2.732,Étaples (62630),2.225,Lille (59160)
2026-09-25T05:00:44.325833+00:00,npdc,e10,386,2.1267,2.449,Grande-Synthe (59760),1.99,Waziers (59119)
2026-09-25T05:30:56.579381+00:00,france,gazole,8673,2.4036,2.9,Paris (75007),2.19,Lannilis (29870)
2026-09-25T05:30:56.579381+00:00,france,e10,7006,2.167,2.649,Verrières-en-Anjou (49480),1.989,La Fouillade (12270)
2026-09-25T05:30:56.579381+00:00,npdc,gazole,452,2.3783,2.732,Étaples (62630),2.225,Lille (59160)
2026-09-25T05:30:56.579381+00:00,npdc,e10,386,2.1267,2.449,Grande-Synthe (59760),1.99,Waziers (59119)
2026-09-25T06:01:16.309990+00:00,france,gazole,8681,2.4034,2.9,Paris (75007),2.19,Lannilis (29870)
2026-09-25T06:01:16.309990+00:00,france,e10,7017,2.1667,2.649,Verrières-en-Anjou (49480),1.989,La Fouillade (12270)
2026-09-25T06:01:16.309990+00:00,npdc,gazole,452,2.3782,2.732,Étaples (62630),2.225,Lille (59160)
2026-09-25T06:01:16.309990+00:00,npdc,e10,386,2.1267,2.449,Grande-Synthe (59760),1.99,Waziers (59119)
2026-09-25T06:31:15.472146+00:00,france,gazole,8660,2.4039,2.9,Paris (75007),2.19,Lannilis (29870)
2026-09-25T06:31:15.472146+00:00,france,e10,6996,2.1672,2.649,Verrières-en-Anjou (49480),1.989,La Fouillade (12270)
2026-09-25T06:31:15.472146+00:00,npdc,gazole,448,2.3795,2.732,Étaples (62630),2.225,Lille (59160)
2026-09-25T06:31:15.472146+00:00,npdc,e10,384,2.1274,2.449,Grande-Synthe (59760),1.99,La Sentinelle (59174)
2026-09-25T07:01:12.251835+00:00,france,gazole,8689,2.4032,2.9,Paris (75007),2.19,Lannilis (29870)
2026-09-25T07:01:12.251835+00:00,france,e10,7023,2.1666,2.649,Verrières-en-Anjou (49480),1.989,La Fouillade (12270)
2026-09-25T07:01:12.251835+00:00,npdc,gazole,453,2.3777,2.732,Étaples (62630),2.225,Lille (59160)
2026-09-25T07:01:12.251835+00:00,npdc,e10,387,2.1263,2.449,Grande-Synthe (59760),1.99,Waziers (59119)
2026-09-25T07:30:43.805959+00:00,france,gazole,8710,2.4022,2.9,Paris (75007),1.379,Clermont-Ferrand (63100)
2026-09-25T07:30:43.805959+00:00,france,e10,7048,2.1663,2.649,Verrières-en-Anjou (49480),1.98,Limogne-en-Quercy (46260)
2026-09-25T07:30:43.805959+00:00,npdc,gazole,454,2.3769,2.732,Étaples (62630),2.225,Lille (59160)
2026-09-25T07:30:43.805959+00:00,npdc,e10,386,2.1268,2.449,Grande-Synthe (59760),1.99,Waziers (59119)
2026-09-25T08:01:14.955941+00:00,france,gazole,8702,2.4027,2.9,Paris (75007),1.379,Clermont-Ferrand (63100)
2026-09-25T08:01:14.955941+00:00,france,e10,7031,2.1665,2.649,Verrières-en-Anjou (49480),1.989,La Fouillade (12270)
2026-09-25T08:01:14.955941+00:00,npdc,gazole,453,2.3774,2.732,Étaples (62630),2.225,Lille (59160)
2026-09-25T08:01:14.955941+00:00,npdc,e10,386,2.1262,2.449,Grande-Synthe (59760),1.99,Waziers (59119)
2026-09-25T08:30:36.207334+00:00,france,gazole,8711,2.4017,2.9,Paris (75007),1.379,Clermont-Ferrand (63100)
2026-09-25T08:30:36.207334+00:00,france,e10,7044,2.1665,2.649,Verrières-en-Anjou (49480),1.98,Limogne-en-Quercy (46260)
2026-09-25T08:30:36.207334+00:00,npdc,gazole,453,2.3772,2.732,Étaples (62630),2.225,Lille (59160)
2026-09-25T08:30:36.207334+00:00,npdc,e10,385,2.1273,2.449,Grande-Synthe (59760),1.99,Waziers (59119)
2026-09-25T09:00:42.519438+00:00,france,gazole,8724,2.4017,2.934,Ostwald (67540),2.19,Lannilis (29870)
2026-09-25T09:00:42.519438+00:00,france,e10,7048,2.167,2.718,Mionnay (01390),1.98,Limogne-en-Quercy (46260)
2026-09-25T09:00:42.519438+00:00,npdc,gazole,453,2.3775,2.84,Étaples (62630),2.225,Lille (59160)
2026-09-25T09:00:42.519438+00:00,npdc,e10,385,2.1274,2.449,Grande-Synthe (59760),1.99,Waziers (59119)
2026-09-25T09:30:46.356066+00:00,france,gazole,8722,2.4014,2.9,Paris (75007),1.403,Pont-Audemer (27500)
2026-09-25T09:30:46.356066+00:00,france,e10,7044,2.1666,2.649,Verrières-en-Anjou (49480),1.98,Limogne-en-Quercy (46260)
2026-09-25T09:30:46.356066+00:00,npdc,gazole,453,2.3774,2.732,Étaples (62630),2.225,Lille (59160)
2026-09-25T09:30:46.356066+00:00,npdc,e10,385,2.1273,2.449,Grande-Synthe (59760),1.99,Waziers (59119)
2026-09-25T10:01:11.815892+00:00,france,gazole,8729,2.4013,2.934,Ostwald (67540),1.25,Mayenne (53100)
2026-09-25T10:01:11.815892+00:00,france,e10,7045,2.1672,2.718,Mionnay (01390),1.98,Limogne-en-Quercy (46260)
2026-09-25T10:01:11.815892+00:00,npdc,gazole,453,2.3775,2.84,Étaples (62630),2.225,Lille (59160)
2026-09-25T10:01:11.815892+00:00,npdc,e10,383,2.1283,2.449,Grande-Synthe (59760),1.99,Waziers (59119)
2026-09-25T10:30:42.122812+00:00,france,gazole,8730,2.401,2.934,Ostwald (67540),2.19,Lannilis (29870)
2026-09-25T10:30:42.122812+00:00,france,e10,7042,2.1673,2.718,Mionnay (01390),1.98,Limogne-en-Quercy (46260)
2026-09-25T10:30:42.122812+00:00,npdc,gazole,452,2.3774,2.84,Étaples (62630),2.225,Lille (59160)
2026-09-25T10:30:42.122812+00:00,npdc,e10,382,2.1285,2.449,Grande-Synthe (59760),1.99,Waziers (59119)
2026-09-25T11:00:41.552036+00:00,france,gazole,8729,2.4011,2.934,Ostwald (67540),1.25,Mayenne (53100)
2026-09-25T11:00:41.552036+00:00,france,e10,7042,2.1673,2.718,Mionnay (01390),1.98,Limogne-en-Quercy (46260)
2026-09-25T11:00:41.552036+00:00,npdc,gazole,452,2.3778,2.84,Étaples (62630),2.225,Lille (59160)
2026-09-25T11:00:41.552036+00:00,npdc,e10,383,2.1285,2.449,Grande-Synthe (59760),1.99,Waziers (59119)
2026-09-25T11:31:04.228173+00:00,france,gazole,8717,2.4011,2.934,Ostwald (67540),2.19,Lannilis (29870)
2026-09-25T11:31:04.228173+00:00,france,e10,7033,2.1676,2.718,Mionnay (01390),1.98,Limogne-en-Quercy (46260)
2026-09-25T11:31:04.228173+00:00,npdc,gazole,452,2.3771,2.84,Étaples (62630),2.225,Lille (59160)
2026-09-25T11:31:04.228173+00:00,npdc,e10,382,2.1285,2.449,Grande-Synthe (59760),1.99,Waziers (59119)
2026-09-25T12:00:56.797153+00:00,france,gazole,8706,2.4012,2.934,Ostwald (67540),2.19,Lannilis (29870)
2026-09-25T12:00:56.797153+00:00,france,e10,7029,2.1677,2.718,Mionnay (01390),1.98,Limogne-en-Quercy (46260)
2026-09-25T12:00:56.797153+00:00,npdc,gazole,449,2.3779,2.84,Étaples (62630),2.225,Lille (59160)
2026-09-25T12:00:56.797153+00:00,npdc,e10,383,2.1289,2.449,Grande-Synthe (59760),1.99,Waziers (59119)
2026-09-25T12:31:21.174055+00:00,france,gazole,8708,2.401,2.934,Ostwald (67540),2.19,Lannilis (29870)
2026-09-25T12:31:21.174055+00:00,france,e10,7017,2.1681,2.718,Mionnay (01390),1.98,Limogne-en-Quercy (46260)
2026-09-25T12:31:21.174055+00:00,npdc,gazole,445,2.379,2.84,Étaples (62630),2.225,Lille (59160)
2026-09-25T12:31:21.174055+00:00,npdc,e10,379,2.1304,2.449,Grande-Synthe (59760),1.99,Waziers (59119)
2026-09-25T12:59:27.570798+00:00,france,gazole,8694,2.4012,2.934,Ostwald (67540),1.99,Haguenau (67500)
2026-09-25T12:59:27.570798+00:00,france,e10,7006,2.1685,2.718,Mionnay (01390),1.98,Limogne-en-Quercy (46260)
2026-09-25T12:59:27.570798+00:00,npdc,gazole,445,2.3789,2.84,Étaples (62630),2.225,Lille (59160)
2026-09-25T12:59:27.570798+00:00,npdc,e10,377,2.1312,2.449,Grande-Synthe (59760),1.99,Waziers (59119)
2026-09-25T13:00:55.060044+00:00,france,gazole,8708,2.4011,2.934,Ostwald (67540),2.19,Lannilis (29870)
2026-09-25T13:00:55.060044+00:00,france,e10,7024,2.1679,2.718,Mionnay (01390),1.98,Limogne-en-Quercy (46260)
2026-09-25T13:00:55.060044+00:00,npdc,gazole,448,2.3782,2.84,Étaples (62630),2.225,Lille (59160)
2026-09-25T13:00:55.060044+00:00,npdc,e10,382,2.1293,2.449,Grande-Synthe (59760),1.99,Waziers (59119)
2026-09-25T13:30:43.291129+00:00,france,gazole,8696,2.4011,2.934,Ostwald (67540),1.99,Haguenau (67500)
2026-09-25T13:30:43.291129+00:00,france,e10,7005,2.1685,2.718,Mionnay (01390),1.98,Limogne-en-Quercy (46260)
2026-09-25T13:30:43.291129+00:00,npdc,gazole,445,2.3788,2.84,Étaples (62630),2.225,Lille (59160)
2026-09-25T13:30:43.291129+00:00,npdc,e10,377,2.1312,2.449,Grande-Synthe (59760),1.99,Waziers (59119)
2026-09-25T13:50:39.737542+00:00,france,gazole,8702,2.4009,2.934,Ostwald (67540),1.99,Haguenau (67500)
2026-09-25T13:50:39.737542+00:00,france,e10,7012,2.1684,2.718,Mionnay (01390),1.98,Limogne-en-Quercy (46260)
2026-09-25T13:50:39.737542+00:00,npdc,gazole,445,2.3787,2.84,Étaples (62630),2.225,Lille (59160)
2026-09-25T13:50:39.737542+00:00,npdc,e10,377,2.1312,2.449,Grande-Synthe (59760),1.99,Waziers (59119)
2026-09-25T14:01:02.610658+00:00,france,gazole,8703,2.4009,2.934,Ostwald (67540),1.99,Haguenau (67500)
2026-09-25T14:01:02.610658+00:00,france,e10,7017,2.1683,2.718,Mionnay (01390),1.98,Limogne-en-Quercy (46260)
2026-09-25T14:01:02.610658+00:00,npdc,gazole,446,2.3785,2.84,Étaples (62630),2.225,Lille (59160)
2026-09-25T14:01:02.610658+00:00,npdc,e10,377,2.1312,2.449,Grande-Synthe (59760),1.99,Waziers (59119)
2026-09-25T14:31:17.094792+00:00,france,gazole,8703,2.4009,2.934,Ostwald (67540),1.99,Haguenau (67500)
2026-09-25T14:31:17.094792+00:00,france,e10,7017,2.1683,2.718,Mionnay (01390),1.98,Limogne-en-Quercy (46260)
2026-09-25T14:31:17.094792+00:00,npdc,gazole,446,2.3785,2.84,Étaples (62630),2.225,Lille (59160)
2026-09-25T14:31:17.094792+00:00,npdc,e10,377,2.1312,2.449,Grande-Synthe (59760),1.99,Waziers (59119)
2026-09-25T15:01:06.790105+00:00,france,gazole,8696,2.4011,2.934,Ostwald (67540),1.99,Haguenau (67500)
2026-09-25T15:01:06.790105+00:00,france,e10,7005,2.1685,2.718,Mionnay (01390),1.98,Limogne-en-Quercy (46260)
2026-09-25T15:01:06.790105+00:00,npdc,gazole,445,2.3788,2.84,Étaples (62630),2.225,Lille (59160)
2026-09-25T15:01:06.790105+00:00,npdc,e10,377,2.1312,2.449,Grande-Synthe (59760),1.99,Waziers (59119)
2026-09-25T15:30:42.952541+00:00,france,gazole,8702,2.4006,2.934,Ostwald (67540),1.25,Chambray-lès-Tours (37170)
2026-09-25T15:30:42.952541+00:00,france,e10,7000,2.1688,2.718,Mionnay (01390),1.98,Limogne-en-Quercy (46260)
2026-09-25T15:30:42.952541+00:00,npdc,gazole,444,2.3786,2.84,Étaples (62630),2.225,Lille (59160)
2026-09-25T15:30:42.952541+00:00,npdc,e10,376,2.132,2.449,Grande-Synthe (59760),1.99,Waziers (59119)
2026-09-25T16:01:21.584806+00:00,france,gazole,8700,2.4006,2.934,Ostwald (67540),1.25,Chambray-lès-Tours (37170)
2026-09-25T16:01:21.584806+00:00,france,e10,6999,2.1688,2.718,Mionnay (01390),1.98,Limogne-en-Quercy (46260)
2026-09-25T16:01:21.584806+00:00,npdc,gazole,444,2.3786,2.84,Étaples (62630),2.225,Lille (59160)
2026-09-25T16:01:21.584806+00:00,npdc,e10,376,2.1319,2.449,Grande-Synthe (59760),1.99,Waziers (59119)
2026-09-25T16:31:06.595688+00:00,france,gazole,8706,2.4007,2.934,Ostwald (67540),1.99,Haguenau (67500)
2026-09-25T16:31:06.595688+00:00,france,e10,7011,2.1685,2.718,Mionnay (01390),1.98,Limogne-en-Quercy (46260)
2026-09-25T16:31:06.595688+00:00,npdc,gazole,445,2.3784,2.84,Étaples (62630),2.225,Lille (59160)
2026-09-25T16:31:06.595688+00:00,npdc,e10,376,2.132,2.449,Grande-Synthe (59760),1.99,Waziers (59119)
2026-09-25T17:01:00.080668+00:00,france,gazole,8675,2.4009,2.934,Ostwald (67540),1.25,Chambray-lès-Tours (37170)
2026-09-25T17:01:00.080668+00:00,france,e10,6981,2.1693,2.718,Mionnay (01390),1.98,Limogne-en-Quercy (46260)
2026-09-25T17:01:00.080668+00:00,npdc,gazole,443,2.3789,2.84,Étaples (62630),2.225,Lille (59160)
2026-09-25T17:01:00.080668+00:00,npdc,e10,371,2.1337,2.449,Grande-Synthe (59760),1.99,Waziers (59119)
2026-09-25T17:31:10.313010+00:00,france,gazole,8689,2.4008,2.934,Ostwald (67540),1.25,Chambray-lès-Tours (37170)
2026-09-25T17:31:10.313010+00:00,france,e10,6993,2.169,2.718,Mionnay (01390),1.98,Limogne-en-Quercy (46260)
2026-09-25T17:31:10.313010+00:00,npdc,gazole,444,2.3788,2.84,Étaples (62630),2.225,Lille (59160)
2026-09-25T17:31:10.313010+00:00,npdc,e10,375,2.1328,2.449,Grande-Synthe (59760),1.99,Waziers (59119)
2026-09-25T18:01:33.433554+00:00,france,gazole,8657,2.4012,2.934,Ostwald (67540),1.25,Chambray-lès-Tours (37170)
2026-09-25T18:01:33.433554+00:00,france,e10,6966,2.1696,2.718,Mionnay (01390),1.98,Limogne-en-Quercy (46260)
2026-09-25T18:01:33.433554+00:00,npdc,gazole,443,2.3789,2.84,Étaples (62630),2.225,Lille (59160)
2026-09-25T18:01:33.433554+00:00,npdc,e10,369,2.1345,2.449,Grande-Synthe (59760),1.99,Waziers (59119)
2026-09-25T18:30:57.569697+00:00,france,gazole,8620,2.4019,2.934,Ostwald (67540),1.99,Haguenau (67500)
2026-09-25T18:30:57.569697+00:00,france,e10,6928,2.1706,2.718,Mionnay (01390),1.98,Limogne-en-Quercy (46260)
2026-09-25T18:30:57.569697+00:00,npdc,gazole,439,2.3801,2.84,Étaples (62630),2.225,Lille (59160)
2026-09-25T18:30:57.569697+00:00,npdc,e10,365,2.1361,2.449,Grande-Synthe (59760),1.99,Waziers (59119)
2026-09-25T19:00:25.204173+00:00,france,gazole,8611,2.4021,2.934,Ostwald (67540),1.99,Haguenau (67500)
2026-09-25T19:00:25.204173+00:00,france,e10,6912,2.171,2.718,Mionnay (01390),1.98,Limogne-en-Quercy (46260)
2026-09-25T19:00:25.204173+00:00,npdc,gazole,439,2.3801,2.84,Étaples (62630),2.225,Lille (59160)
2026-09-25T19:00:25.204173+00:00,npdc,e10,366,2.1357,2.449,Grande-Synthe (59760),1.99,Waziers (59119)
2026-09-25T19:30:52.331531+00:00,france,gazole,8602,2.4022,2.934,Ostwald (67540),1.99,Haguenau (67500)
2026-09-25T19:30:52.331531+00:00,france,e10,6900,2.1712,2.718,Mionnay (01390),1.98,Limogne-en-Quercy (46260)
2026-09-25T19:30:52.331531+00:00,npdc,gazole,437,2.3805,2.84,Étaples (62630),2.225,Lille (59160)
2026-09-25T19:30:52.331531+00:00,npdc,e10,366,2.1354,2.449,Grande-Synthe (59760),1.99,Waziers (59119)
2026-09-25T20:00:53.897437+00:00,france,gazole,8586,2.4025,2.934,Ostwald (67540),1.99,Haguenau (67500)
2026-09-25T20:00:53.897437+00:00,france,e10,6888,2.1715,2.718,Mionnay (01390),1.98,Limogne-en-Quercy (46260)
2026-09-25T20:00:53.897437+00:00,npdc,gazole,434,2.3814,2.84,Étaples (62630),2.225,Lille (59160)
2026-09-25T20:00:53.897437+00:00,npdc,e10,363,2.1366,2.449,Grande-Synthe (59760),1.99,La Sentinelle (59174)
2026-09-25T20:01:53.840252+00:00,france,gazole,8633,2.4017,2.934,Ostwald (67540),1.99,Haguenau (67500)
2026-09-25T20:01:53.840252+00:00,france,e10,6945,2.1702,2.718,Mionnay (01390),1.98,Limogne-en-Quercy (46260)
2026-09-25T20:01:53.840252+00:00,npdc,gazole,440,2.3798,2.84,Étaples (62630),2.225,Lille (59160)
2026-09-25T20:01:53.840252+00:00,npdc,e10,366,2.1357,2.449,Grande-Synthe (59760),1.99,Waziers (59119)
2026-09-25T20:30:50.451937+00:00,france,gazole,8585,2.4025,2.934,Ostwald (67540),1.99,Haguenau (67500)
2026-09-25T20:30:50.451937+00:00,france,e10,6880,2.1718,2.718,Mionnay (01390),1.98,Limogne-en-Quercy (46260)
2026-09-25T20:30:50.451937+00:00,npdc,gazole,433,2.3817,2.84,Étaples (62630),2.225,Lille (59160)
2026-09-25T20:30:50.451937+00:00,npdc,e10,362,2.137,2.449,Grande-Synthe (59760),1.99,La Sentinelle (59174)
2026-09-25T21:00:51.465136+00:00,france,gazole,8583,2.4025,2.934,Ostwald (67540),1.99,Haguenau (67500)
2026-09-25T21:00:51.465136+00:00,france,e10,6881,2.1718,2.718,Mionnay (01390),1.98,Limogne-en-Quercy (46260)
2026-09-25T21:00:51.465136+00:00,npdc,gazole,433,2.3817,2.84,Étaples (62630),2.225,Lille (59160)
2026-09-25T21:00:51.465136+00:00,npdc,e10,363,2.1366,2.449,Grande-Synthe (59760),1.99,La Sentinelle (59174)
2026-09-25T21:30:49.759750+00:00,france,gazole,8585,2.4025,2.934,Ostwald (67540),1.99,Haguenau (67500)
2026-09-25T21:30:49.759750+00:00,france,e10,6880,2.1718,2.718,Mionnay (01390),1.98,Limogne-en-Quercy (46260)
2026-09-25T21:30:49.759750+00:00,npdc,gazole,433,2.3817,2.84,Étaples (62630),2.225,Lille (59160)
2026-09-25T21:30:49.759750+00:00,npdc,e10,362,2.137,2.449,Grande-Synthe (59760),1.99,La Sentinelle (59174)
2026-09-25T22:00:50.083561+00:00,france,gazole,8582,2.4026,2.934,Ostwald (67540),1.99,Haguenau (67500)
2026-09-25T22:00:50.083561+00:00,france,e10,6878,2.1718,2.718,Mionnay (01390),1.98,Limogne-en-Quercy (46260)
2026-09-25T22:00:50.083561+00:00,npdc,gazole,433,2.3817,2.84,Étaples (62630),2.225,Lille (59160)
2026-09-25T22:00:50.083561+00:00,npdc,e10,363,2.1366,2.449,Grande-Synthe (59760),1.99,La Sentinelle (59174)
2026-09-25T22:30:49.633015+00:00,france,gazole,8580,2.4026,2.934,Ostwald (67540),1.99,Haguenau (67500)
2026-09-25T22:30:49.633015+00:00,france,e10,6877,2.1719,2.718,Mionnay (01390),1.98,Limogne-en-Quercy (46260)
2026-09-25T22:30:49.633015+00:00,npdc,gazole,433,2.3817,2.84,Étaples (62630),2.225,Lille (59160)
2026-09-25T22:30:49.633015+00:00,npdc,e10,363,2.1366,2.449,Grande-Synthe (59760),1.99,La Sentinelle (59174)
2026-09-25T23:00:48.195415+00:00,france,gazole,8580,2.4026,2.934,Ostwald (67540),1.99,Haguenau (67500)
2026-09-25T23:00:48.195415+00:00,france,e10,6877,2.1719,2.718,Mionnay (01390),1.98,Limogne-en-Quercy (46260)
2026-09-25T23:00:48.195415+00:00,npdc,gazole,433,2.3817,2.84,Étaples (62630),2.225,Lille (59160)
2026-09-25T23:00:48.195415+00:00,npdc,e10,363,2.1366,2.449,Grande-Synthe (59760),1.99,La Sentinelle (59174)
2026-09-25T23:19:24.102903+00:00,france,gazole,8580,2.4026,2.934,Ostwald (67540),1.99,Haguenau (67500)
2026-09-25T23:19:24.102903+00:00,france,e10,6877,2.1719,2.718,Mionnay (01390),1.98,Limogne-en-Quercy (46260)
2026-09-25T23:19:24.102903+00:00,npdc,gazole,433,2.3817,2.84,Étaples (62630),2.225,Lille (59160)
2026-09-25T23:19:24.102903+00:00,npdc,e10,363,2.1366,2.449,Grande-Synthe (59760),1.99,La Sentinelle (59174)
2026-09-25T23:30:49.462555+00:00,france,gazole,8637,2.4016,2.934,Ostwald (67540),2.19,Lannilis (29870)
2026-09-25T23:30:49.462555+00:00,france,e10,6949,2.1701,2.718,Mionnay (01390),1.98,Limogne-en-Quercy (46260)
2026-09-25T23:30:49.462555+00:00,npdc,gazole,435,2.3808,2.84,Étaples (62630),2.225,Lille (59160)
2026-09-25T23:30:49.462555+00:00,npdc,e10,366,2.1354,2.449,Grande-Synthe (59760),1.99,La Sentinelle (59174)
2026-09-26T00:00:51.522461+00:00,france,gazole,8637,2.4016,2.934,Ostwald (67540),2.19,Lannilis (29870)
2026-09-26T00:00:51.522461+00:00,france,e10,6949,2.1701,2.718,Mionnay (01390),1.98,Limogne-en-Quercy (46260)
2026-09-26T00:00:51.522461+00:00,npdc,gazole,435,2.3808,2.84,Étaples (62630),2.225,Lille (59160)
2026-09-26T00:00:51.522461+00:00,npdc,e10,366,2.1354,2.449,Grande-Synthe (59760),1.99,La Sentinelle (59174)
2026-09-26T00:30:52.450621+00:00,france,gazole,8637,2.4016,2.934,Ostwald (67540),2.19,Lannilis (29870)
2026-09-26T00:30:52.450621+00:00,france,e10,6949,2.1701,2.718,Mionnay (01390),1.98,Limogne-en-Quercy (46260)
2026-09-26T00:30:52.450621+00:00,npdc,gazole,435,2.3808,2.84,Étaples (62630),2.225,Lille (59160)
2026-09-26T00:30:52.450621+00:00,npdc,e10,366,2.1354,2.449,Grande-Synthe (59760),1.99,La Sentinelle (59174)
2026-09-26T01:00:48.979565+00:00,france,gazole,8637,2.4016,2.934,Ostwald (67540),2.19,Lannilis (29870)
2026-09-26T01:00:48.979565+00:00,france,e10,6949,2.1701,2.718,Mionnay (01390),1.98,Limogne-en-Quercy (46260)
2026-09-26T01:00:48.979565+00:00,npdc,gazole,435,2.3808,2.84,Étaples (62630),2.225,Lille (59160)
2026-09-26T01:00:48.979565+00:00,npdc,e10,366,2.1354,2.449,Grande-Synthe (59760),1.99,La Sentinelle (59174)
2026-09-26T01:30:59.935029+00:00,france,gazole,8637,2.4016,2.934,Ostwald (67540),2.19,Lannilis (29870)
2026-09-26T01:30:59.935029+00:00,france,e10,6949,2.1701,2.718,Mionnay (01390),1.98,Limogne-en-Quercy (46260)
2026-09-26T01:30:59.935029+00:00,npdc,gazole,435,2.3808,2.84,Étaples (62630),2.225,Lille (59160)
2026-09-26T01:30:59.935029+00:00,npdc,e10,366,2.1354,2.449,Grande-Synthe (59760),1.99,La Sentinelle (59174)
2026-09-26T02:01:33.800956+00:00,france,gazole,8636,2.4016,2.934,Ostwald (67540),2.19,Lannilis (29870)
2026-09-26T02:01:33.800956+00:00,france,e10,6949,2.1701,2.718,Mionnay (01390),1.98,Limogne-en-Quercy (46260)
2026-09-26T02:01:33.800956+00:00,npdc,gazole,435,2.3808,2.84,Étaples (62630),2.225,Lille (59160)
2026-09-26T02:01:33.800956+00:00,npdc,e10,366,2.1354,2.449,Grande-Synthe (59760),1.99,La Sentinelle (59174)
2026-09-26T02:30:55.812294+00:00,france,gazole,8636,2.4016,2.934,Ostwald (67540),2.19,Lannilis (29870)
2026-09-26T02:30:55.812294+00:00,france,e10,6949,2.1701,2.718,Mionnay (01390),1.98,Limogne-en-Quercy (46260)
2026-09-26T02:30:55.812294+00:00,npdc,gazole,435,2.3808,2.84,Étaples (62630),2.225,Lille (59160)
2026-09-26T02:30:55.812294+00:00,npdc,e10,366,2.1354,2.449,Grande-Synthe (59760),1.99,La Sentinelle (59174)
2026-09-26T03:01:03.139397+00:00,france,gazole,8636,2.4016,2.934,Ostwald (67540),2.19,Lannilis (29870)
2026-09-26T03:01:03.139397+00:00,france,e10,6949,2.1701,2.718,Mionnay (01390),1.98,Limogne-en-Quercy (46260)
2026-09-26T03:01:03.139397+00:00,npdc,gazole,435,2.3808,2.84,Étaples (62630),2.225,Lille (59160)
2026-09-26T03:01:03.139397+00:00,npdc,e10,366,2.1354,2.449,Grande-Synthe (59760),1.99,La Sentinelle (59174)
2026-09-26T03:30:54.740171+00:00,france,gazole,8635,2.4016,2.934,Ostwald (67540),1.941,Couilly-Pont-aux-Dames (77860)
2026-09-26T03:30:54.740171+00:00,france,e10,6948,2.1701,2.718,Mionnay (01390),1.98,Limogne-en-Quercy (46260)
2026-09-26T03:30:54.740171+00:00,npdc,gazole,435,2.3808,2.84,Étaples (62630),2.225,Lille (59160)
2026-09-26T03:30:54.740171+00:00,npdc,e10,366,2.1354,2.449,Grande-Synthe (59760),1.99,La Sentinelle (59174)
2026-09-26T04:00:56.029605+00:00,france,gazole,8636,2.4015,2.934,Ostwald (67540),1.941,Couilly-Pont-aux-Dames (77860)
2026-09-26T04:00:56.029605+00:00,france,e10,6949,2.1701,2.718,Mionnay (01390),1.98,Limogne-en-Quercy (46260)
2026-09-26T04:00:56.029605+00:00,npdc,gazole,435,2.3808,2.84,Étaples (62630),2.225,Lille (59160)
2026-09-26T04:00:56.029605+00:00,npdc,e10,366,2.1354,2.449,Grande-Synthe (59760),1.99,La Sentinelle (59174)
2026-09-26T04:31:08.848452+00:00,france,gazole,8635,2.4016,2.934,Ostwald (67540),1.941,Couilly-Pont-aux-Dames (77860)
2026-09-26T04:31:08.848452+00:00,france,e10,6948,2.1701,2.718,Mionnay (01390),1.98,Limogne-en-Quercy (46260)
2026-09-26T04:31:08.848452+00:00,npdc,gazole,435,2.3808,2.84,Étaples (62630),2.225,Lille (59160)
2026-09-26T04:31:08.848452+00:00,npdc,e10,366,2.1354,2.449,Grande-Synthe (59760),1.99,La Sentinelle (59174)
2026-09-26T05:01:30.929537+00:00,france,gazole,8635,2.4016,2.934,Ostwald (67540),1.941,Couilly-Pont-aux-Dames (77860)
2026-09-26T05:01:30.929537+00:00,france,e10,6947,2.1702,2.718,Mionnay (01390),1.98,Limogne-en-Quercy (46260)
2026-09-26T05:01:30.929537+00:00,npdc,gazole,435,2.3808,2.84,Étaples (62630),2.225,Lille (59160)
2026-09-26T05:01:30.929537+00:00,npdc,e10,366,2.1354,2.449,Grande-Synthe (59760),1.99,La Sentinelle (59174)
2026-09-26T05:02:21.548005+00:00,france,gazole,8636,2.4015,2.934,Ostwald (67540),1.941,Couilly-Pont-aux-Dames (77860)
2026-09-26T05:02:21.548005+00:00,france,e10,6951,2.1702,2.718,Mionnay (01390),1.98,Limogne-en-Quercy (46260)
2026-09-26T05:02:21.548005+00:00,npdc,gazole,435,2.3808,2.84,Étaples (62630),2.225,Lille (59160)
2026-09-26T05:02:21.548005+00:00,npdc,e10,366,2.1354,2.449,Grande-Synthe (59760),1.99,La Sentinelle (59174)
2026-09-26T05:31:01.048078+00:00,france,gazole,8634,2.4016,2.934,Ostwald (67540),1.941,Couilly-Pont-aux-Dames (77860)
2026-09-26T05:31:01.048078+00:00,france,e10,6950,2.1702,2.718,Mionnay (01390),1.98,Limogne-en-Quercy (46260)
2026-09-26T05:31:01.048078+00:00,npdc,gazole,435,2.3808,2.84,Étaples (62630),2.225,Lille (59160)
2026-09-26T05:31:01.048078+00:00,npdc,e10,366,2.1354,2.449,Grande-Synthe (59760),1.99,La Sentinelle (59174)
2026-09-26T06:01:39.986076+00:00,france,gazole,8634,2.4016,2.934,Ostwald (67540),1.941,Couilly-Pont-aux-Dames (77860)
2026-09-26T06:01:39.986076+00:00,france,e10,6950,2.1702,2.718,Mionnay (01390),1.98,Limogne-en-Quercy (46260)
2026-09-26T06:01:39.986076+00:00,npdc,gazole,435,2.3808,2.84,Étaples (62630),2.225,Lille (59160)
2026-09-26T06:01:39.986076+00:00,npdc,e10,366,2.1354,2.449,Grande-Synthe (59760),1.99,La Sentinelle (59174)
2026-09-26T06:30:59.722250+00:00,france,gazole,8653,2.4012,2.934,Ostwald (67540),1.941,Couilly-Pont-aux-Dames (77860)
2026-09-26T06:30:59.722250+00:00,france,e10,6968,2.1698,2.718,Mionnay (01390),1.98,Limogne-en-Quercy (46260)
2026-09-26T06:30:59.722250+00:00,npdc,gazole,437,2.3803,2.84,Étaples (62630),2.225,Lille (59160)
2026-09-26T06:30:59.722250+00:00,npdc,e10,368,2.1346,2.449,Grande-Synthe (59760),1.99,Waziers (59119)
2026-09-26T07:01:24.137057+00:00,france,gazole,8640,2.4015,2.934,Ostwald (67540),1.941,Couilly-Pont-aux-Dames (77860)
2026-09-26T07:01:24.137057+00:00,france,e10,6955,2.1701,2.718,Mionnay (01390),1.98,Limogne-en-Quercy (46260)
2026-09-26T07:01:24.137057+00:00,npdc,gazole,437,2.3802,2.84,Étaples (62630),2.225,Lille (59160)
2026-09-26T07:01:24.137057+00:00,npdc,e10,368,2.1346,2.449,Grande-Synthe (59760),1.99,Waziers (59119)
2026-09-26T07:30:59.068671+00:00,france,gazole,8669,2.4008,2.934,Ostwald (67540),1.941,Couilly-Pont-aux-Dames (77860)
2026-09-26T07:30:59.068671+00:00,france,e10,6992,2.1696,2.718,Mionnay (01390),1.98,Limogne-en-Quercy (46260)
2026-09-26T07:30:59.068671+00:00,npdc,gazole,438,2.38,2.84,Étaples (62630),2.225,Lille (59160)
2026-09-26T07:30:59.068671+00:00,npdc,e10,370,2.1351,2.449,Grande-Synthe (59760),1.99,Waziers (59119)
2026-09-26T08:01:12.215807+00:00,france,gazole,8663,2.401,2.934,Ostwald (67540),1.941,Couilly-Pont-aux-Dames (77860)
2026-09-26T08:01:12.215807+00:00,france,e10,6976,2.17,2.718,Mionnay (01390),1.98,Limogne-en-Quercy (46260)
2026-09-26T08:01:12.215807+00:00,npdc,gazole,436,2.3806,2.84,Étaples (62630),2.225,Lille (59160)
2026-09-26T08:01:12.215807+00:00,npdc,e10,367,2.1362,2.449,Grande-Synthe (59760),1.99,Waziers (59119)
2026-09-26T08:31:27.474659+00:00,france,gazole,8677,2.4004,2.934,Ostwald (67540),1.941,Couilly-Pont-aux-Dames (77860)
2026-09-26T08:31:27.474659+00:00,france,e10,6999,2.1693,2.718,Mionnay (01390),1.98,Limogne-en-Quercy (46260)
2026-09-26T08:31:27.474659+00:00,npdc,gazole,438,2.3801,2.84,Étaples (62630),2.225,Lille (59160)
2026-09-26T08:31:27.474659+00:00,npdc,e10,370,2.1352,2.449,Grande-Synthe (59760),1.99,Waziers (59119)
2026-09-26T09:01:10.225568+00:00,france,gazole,8680,2.4001,2.934,Ostwald (67540),1.941,Couilly-Pont-aux-Dames (77860)
2026-09-26T09:01:10.225568+00:00,france,e10,7002,2.1692,2.718,Mionnay (01390),1.98,Limogne-en-Quercy (46260)
2026-09-26T09:01:10.225568+00:00,npdc,gazole,439,2.38,2.84,Étaples (62630),2.225,Lille (59160)
2026-09-26T09:01:10.225568+00:00,npdc,e10,370,2.1352,2.449,Grande-Synthe (59760),1.99,Waziers (59119)
2026-09-26T09:30:57.909678+00:00,france,gazole,8678,2.3998,2.9,Paris (75007),1.99,Tournon-sur-Rhône (07300)
2026-09-26T09:30:57.909678+00:00,france,e10,7000,2.169,2.675,Mionnay (01390),1.98,Limogne-en-Quercy (46260)
2026-09-26T09:30:57.909678+00:00,npdc,gazole,441,2.3792,2.784,Étaples (62630),2.225,Lille (59160)
2026-09-26T09:30:57.909678+00:00,npdc,e10,370,2.1353,2.449,Grande-Synthe (59760),1.99,Waziers (59119)
2026-09-26T10:01:02.021498+00:00,france,gazole,8672,2.3998,2.9,Paris (75007),1.99,Tournon-sur-Rhône (07300)
2026-09-26T10:01:02.021498+00:00,france,e10,7010,2.1687,2.675,Mionnay (01390),1.98,Limogne-en-Quercy (46260)
2026-09-26T10:01:02.021498+00:00,npdc,gazole,444,2.3782,2.784,Étaples (62630),2.225,Lille (59160)
2026-09-26T10:01:02.021498+00:00,npdc,e10,374,2.1339,2.449,Grande-Synthe (59760),1.99,Waziers (59119)
2026-09-26T10:31:07.277076+00:00,france,gazole,8677,2.3998,2.9,Paris (75007),1.99,Tournon-sur-Rhône (07300)
2026-09-26T10:31:07.277076+00:00,france,e10,7009,2.1687,2.675,Mionnay (01390),1.98,Limogne-en-Quercy (46260)
2026-09-26T10:31:07.277076+00:00,npdc,gazole,443,2.3786,2.784,Étaples (62630),2.225,Lille (59160)
2026-09-26T10:31:07.277076+00:00,npdc,e10,373,2.1342,2.449,Grande-Synthe (59760),1.99,Waziers (59119)
2026-09-26T11:01:15.234532+00:00,france,gazole,8668,2.3998,2.9,Paris (75007),1.99,Tournon-sur-Rhône (07300)
2026-09-26T11:01:15.234532+00:00,france,e10,7000,2.169,2.675,Mionnay (01390),1.98,Limogne-en-Quercy (46260)
2026-09-26T11:01:15.234532+00:00,npdc,gazole,446,2.3777,2.784,Étaples (62630),2.225,Lille (59160)
2026-09-26T11:01:15.234532+00:00,npdc,e10,377,2.1329,2.449,Grande-Synthe (59760),1.99,Waziers (59119)
2026-09-26T11:31:09.771670+00:00,france,gazole,8653,2.4,2.9,Paris (75007),1.99,Tournon-sur-Rhône (07300)
2026-09-26T11:31:09.771670+00:00,france,e10,6992,2.1691,2.675,Mionnay (01390),1.98,Limogne-en-Quercy (46260)
2026-09-26T11:31:09.771670+00:00,npdc,gazole,446,2.3777,2.784,Étaples (62630),2.225,Lille (59160)
2026-09-26T11:31:09.771670+00:00,npdc,e10,378,2.1326,2.449,Grande-Synthe (59760),1.99,Waziers (59119)
2026-09-26T12:01:07.096959+00:00,france,gazole,8640,2.4002,2.9,Paris (75007),1.99,Tournon-sur-Rhône (07300)
2026-09-26T12:01:07.096959+00:00,france,e10,6977,2.1694,2.675,Mionnay (01390),1.98,Limogne-en-Quercy (46260)
2026-09-26T12:01:07.096959+00:00,npdc,gazole,446,2.3776,2.784,Étaples (62630),2.225,Lille (59160)
2026-09-26T12:01:07.096959+00:00,npdc,e10,376,2.1334,2.449,Grande-Synthe (59760),1.99,Waziers (59119)
2026-09-26T12:28:26.425535+00:00,france,gazole,8631,2.4004,2.9,Paris (75007),2.19,Lannilis (29870)
2026-09-26T12:28:26.425535+00:00,france,e10,6959,2.1699,2.675,Mionnay (01390),1.98,Limogne-en-Quercy (46260)
2026-09-26T12:28:26.425535+00:00,npdc,gazole,442,2.3787,2.784,Étaples (62630),2.225,Lille (59160)
2026-09-26T12:28:26.425535+00:00,npdc,e10,371,2.1353,2.449,Grande-Synthe (59760),1.99,Waziers (59119)
2026-09-26T12:31:10.452842+00:00,france,gazole,8624,2.4005,2.9,Paris (75007),2.19,Lannilis (29870)
2026-09-26T12:31:10.452842+00:00,france,e10,6954,2.1701,2.675,Mionnay (01390),1.98,Limogne-en-Quercy (46260)
2026-09-26T12:31:10.452842+00:00,npdc,gazole,442,2.3787,2.784,Étaples (62630),2.225,Lille (59160)
2026-09-26T12:31:10.452842+00:00,npdc,e10,372,2.135,2.449,Grande-Synthe (59760),1.99,Waziers (59119)
2026-09-26T13:01:02.363001+00:00,france,gazole,8639,2.4002,2.9,Paris (75007),2.19,Lannilis (29870)
2026-09-26T13:01:02.363001+00:00,france,e10,6975,2.1695,2.675,Mionnay (01390),1.98,Limogne-en-Quercy (46260)
2026-09-26T13:01:02.363001+00:00,npdc,gazole,444,2.3782,2.784,Étaples (62630),2.225,Lille (59160)
2026-09-26T13:01:02.363001+00:00,npdc,e10,373,2.1346,2.449,Grande-Synthe (59760),1.99,Waziers (59119)
2026-09-26T13:07:50.950988+00:00,france,gazole,8624,2.4005,2.9,Paris (75007),2.19,Lannilis (29870)
2026-09-26T13:07:50.950988+00:00,france,e10,6954,2.1701,2.675,Mionnay (01390),1.98,Limogne-en-Quercy (46260)
2026-09-26T13:07:50.950988+00:00,npdc,gazole,442,2.3787,2.784,Étaples (62630),2.225,Lille (59160)
2026-09-26T13:07:50.950988+00:00,npdc,e10,372,2.135,2.449,Grande-Synthe (59760),1.99,Waziers (59119)
2026-09-26T13:30:58.155062+00:00,france,gazole,8614,2.4007,2.9,Paris (75007),2.19,Lannilis (29870)
2026-09-26T13:30:58.155062+00:00,france,e10,6942,2.1704,2.675,Mionnay (01390),1.98,Limogne-en-Quercy (46260)
2026-09-26T13:30:58.155062+00:00,npdc,gazole,442,2.3787,2.784,Étaples (62630),2.225,Lille (59160)
2026-09-26T13:30:58.155062+00:00,npdc,e10,370,2.1358,2.449,Grande-Synthe (59760),1.99,Waziers (59119)
2026-09-26T14:00:59.185986+00:00,france,gazole,8611,2.4007,2.9,Paris (75007),2.19,Lannilis (29870)
2026-09-26T14:00:59.185986+00:00,france,e10,6935,2.1706,2.675,Mionnay (01390),1.98,Limogne-en-Quercy (46260)
2026-09-26T14:00:59.185986+00:00,npdc,gazole,441,2.379,2.784,Étaples (62630),2.225,Lille (59160)
2026-09-26T14:00:59.185986+00:00,npdc,e10,369,2.1362,2.449,Grande-Synthe (59760),1.99,Waziers (59119)
2026-09-26T14:31:18.871072+00:00,france,gazole,8615,2.4007,2.9,Paris (75007),2.19,Lannilis (29870)
2026-09-26T14:31:18.871072+00:00,france,e10,6943,2.1704,2.675,Mionnay (01390),1.98,Limogne-en-Quercy (46260)
2026-09-26T14:31:18.871072+00:00,npdc,gazole,442,2.3787,2.784,Étaples (62630),2.225,Lille (59160)
2026-09-26T14:31:18.871072+00:00,npdc,e10,370,2.1358,2.449,Grande-Synthe (59760),1.99,Waziers (59119)
2026-09-26T15:01:47.737631+00:00,france,gazole,8593,2.4011,2.9,Paris (75007),2.19,Lannilis (29870)
2026-09-26T15:01:47.737631+00:00,france,e10,6905,2.1714,2.675,Mionnay (01390),1.98,Limogne-en-Quercy (46260)
2026-09-26T15:01:47.737631+00:00,npdc,gazole,441,2.3791,2.784,Étaples (62630),2.225,Lille (59160)
2026-09-26T15:01:47.737631+00:00,npdc,e10,369,2.1363,2.449,Grande-Synthe (59760),1.99,Waziers (59119)
2026-09-26T15:30:56.043120+00:00,france,gazole,8582,2.4013,2.9,Paris (75007),2.19,Lannilis (29870)
2026-09-26T15:30:56.043120+00:00,france,e10,6898,2.1715,2.675,Mionnay (01390),1.98,Limogne-en-Quercy (46260)
2026-09-26T15:30:56.043120+00:00,npdc,gazole,441,2.3791,2.784,Étaples (62630),2.225,Lille (59160)
2026-09-26T15:30:56.043120+00:00,npdc,e10,369,2.1362,2.449,Grande-Synthe (59760),1.99,Waziers (59119)
2026-09-26T16:01:37.393112+00:00,france,gazole,8601,2.4009,2.9,Paris (75007),2.19,Lannilis (29870)
2026-09-26T16:01:37.393112+00:00,france,e10,6922,2.1709,2.675,Mionnay (01390),1.98,Limogne-en-Quercy (46260)
2026-09-26T16:01:37.393112+00:00,npdc,gazole,441,2.3791,2.784,Étaples (62630),2.225,Lille (59160)
2026-09-26T16:01:37.393112+00:00,npdc,e10,369,2.1363,2.449,Grande-Synthe (59760),1.99,Waziers (59119)
2026-09-26T16:30:57.042104+00:00,france,gazole,8569,2.4015,2.9,Paris (75007),2.19,Lannilis (29870)
2026-09-26T16:30:57.042104+00:00,france,e10,6885,2.1719,2.675,Mionnay (01390),1.98,Limogne-en-Quercy (46260)
2026-09-26T16:30:57.042104+00:00,npdc,gazole,438,2.38,2.784,Étaples (62630),2.225,Lille (59160)
2026-09-26T16:30:57.042104+00:00,npdc,e10,366,2.1374,2.449,Grande-Synthe (59760),1.99,Waziers (59119)
2026-09-26T17:00:58.754241+00:00,france,gazole,8557,2.4017,2.9,Paris (75007),2.19,Lannilis (29870)
2026-09-26T17:00:58.754241+00:00,france,e10,6874,2.1722,2.675,Mionnay (01390),1.98,Limogne-en-Quercy (46260)
2026-09-26T17:00:58.754241+00:00,npdc,gazole,438,2.38,2.784,Étaples (62630),2.225,Lille (59160)
2026-09-26T17:00:58.754241+00:00,npdc,e10,366,2.1374,2.449,Grande-Synthe (59760),1.99,Waziers (59119)
2026-09-26T17:30:57.577865+00:00,france,gazole,8548,2.4018,2.9,Paris (75007),2.19,Lannilis (29870)
2026-09-26T17:30:57.577865+00:00,france,e10,6866,2.1724,2.675,Mionnay (01390),1.98,Limogne-en-Quercy (46260)
2026-09-26T17:30:57.577865+00:00,npdc,gazole,438,2.38,2.784,Étaples (62630),2.225,Lille (59160)
2026-09-26T17:30:57.577865+00:00,npdc,e10,366,2.1374,2.449,Grande-Synthe (59760),1.99,Waziers (59119)
2026-09-26T18:01:33.181952+00:00,france,gazole,8515,2.4025,2.9,Paris (75007),2.19,Lannilis (29870)
2026-09-26T18:01:33.181952+00:00,france,e10,6831,2.1734,2.675,Mionnay (01390),1.98,Limogne-en-Quercy (46260)
2026-09-26T18:01:33.181952+00:00,npdc,gazole,438,2.38,2.784,Étaples (62630),2.225,Lille (59160)
2026-09-26T18:01:33.181952+00:00,npdc,e10,366,2.1374,2.449,Grande-Synthe (59760),1.99,Waziers (59119)
2026-09-26T18:30:46.491131+00:00,france,gazole,8524,2.4023,2.9,Paris (75007),2.19,Lannilis (29870)
2026-09-26T18:30:46.491131+00:00,france,e10,6845,2.173,2.675,Mionnay (01390),1.98,Limogne-en-Quercy (46260)
2026-09-26T18:30:46.491131+00:00,npdc,gazole,438,2.38,2.784,Étaples (62630),2.225,Lille (59160)
2026-09-26T18:30:46.491131+00:00,npdc,e10,366,2.1374,2.449,Grande-Synthe (59760),1.99,Waziers (59119)
2026-09-26T19:01:27.058456+00:00,france,gazole,8498,2.4029,2.9,Paris (75007),2.19,Lannilis (29870)
2026-09-26T19:01:27.058456+00:00,france,e10,6816,2.1739,2.675,Mionnay (01390),1.98,Limogne-en-Quercy (46260)
2026-09-26T19:01:27.058456+00:00,npdc,gazole,436,2.3806,2.784,Étaples (62630),2.225,Lille (59160)
2026-09-26T19:01:27.058456+00:00,npdc,e10,365,2.1378,2.449,Grande-Synthe (59760),1.99,Waziers (59119)
2026-09-26T19:14:25.737434+00:00,france,gazole,8484,2.4031,2.9,Paris (75007),2.19,Lannilis (29870)
2026-09-26T19:14:25.737434+00:00,france,e10,6797,2.1744,2.675,Mionnay (01390),1.98,Limogne-en-Quercy (46260)
2026-09-26T19:14:25.737434+00:00,npdc,gazole,434,2.3809,2.784,Étaples (62630),2.225,Lille (59160)
2026-09-26T19:14:25.737434+00:00,npdc,e10,363,2.1384,2.449,Grande-Synthe (59760),1.99,La Sentinelle (59174)
2026-09-26T19:30:50.876810+00:00,france,gazole,8478,2.4033,2.9,Paris (75007),2.19,Lannilis (29870)
2026-09-26T19:30:50.876810+00:00,france,e10,6789,2.1746,2.675,Mionnay (01390),1.98,Limogne-en-Quercy (46260)
2026-09-26T19:30:50.876810+00:00,npdc,gazole,434,2.3809,2.784,Étaples (62630),2.225,Lille (59160)
2026-09-26T19:30:50.876810+00:00,npdc,e10,363,2.1384,2.449,Grande-Synthe (59760),1.99,La Sentinelle (59174)
2026-09-26T20:01:14.519883+00:00,france,gazole,8469,2.4034,2.9,Paris (75007),2.19,Lannilis (29870)
2026-09-26T20:01:14.519883+00:00,france,e10,6779,2.1749,2.675,Mionnay (01390),1.98,Limogne-en-Quercy (46260)
2026-09-26T20:01:14.519883+00:00,npdc,gazole,431,2.3819,2.784,Étaples (62630),2.225,Lille (59160)
2026-09-26T20:01:14.519883+00:00,npdc,e10,361,2.1392,2.449,Grande-Synthe (59760),1.99,La Sentinelle (59174)
2026-09-26T20:30:52.255194+00:00,france,gazole,8489,2.4031,2.9,Paris (75007),2.19,Lannilis (29870)
2026-09-26T20:30:52.255194+00:00,france,e10,6806,2.1742,2.675,Mionnay (01390),1.98,Limogne-en-Quercy (46260)
2026-09-26T20:30:52.255194+00:00,npdc,gazole,434,2.3812,2.784,Étaples (62630),2.225,Lille (59160)
2026-09-26T20:30:52.255194+00:00,npdc,e10,363,2.1386,2.449,Grande-Synthe (59760),1.99,La Sentinelle (59174)
2026-09-26T21:00:50.108590+00:00,france,gazole,8468,2.4035,2.9,Paris (75007),2.19,Lannilis (29870)
2026-09-26T21:00:50.108590+00:00,france,e10,6778,2.175,2.675,Mionnay (01390),1.98,Limogne-en-Quercy (46260)
2026-09-26T21:00:50.108590+00:00,npdc,gazole,431,2.3819,2.784,Étaples (62630),2.225,Lille (59160)
2026-09-26T21:00:50.108590+00:00,npdc,e10,361,2.1392,2.449,Grande-Synthe (59760),1.99,La Sentinelle (59174)
2026-09-26T21:30:44.893262+00:00,france,gazole,8462,2.4036,2.9,Paris (75007),2.19,Lannilis (29870)
2026-09-26T21:30:44.893262+00:00,france,e10,6772,2.1752,2.675,Mionnay (01390),1.98,Limogne-en-Quercy (46260)
2026-09-26T21:30:44.893262+00:00,npdc,gazole,431,2.3819,2.784,Étaples (62630),2.225,Lille (59160)
2026-09-26T21:30:44.893262+00:00,npdc,e10,361,2.1392,2.449,Grande-Synthe (59760),1.99,La Sentinelle (59174)
2026-09-26T22:01:07.764897+00:00,france,gazole,8464,2.4036,2.9,Paris (75007),2.19,Lannilis (29870)
2026-09-26T22:01:07.764897+00:00,france,e10,6774,2.1751,2.675,Mionnay (01390),1.98,Limogne-en-Quercy (46260)
2026-09-26T22:01:07.764897+00:00,npdc,gazole,431,2.3819,2.784,Étaples (62630),2.225,Lille (59160)
2026-09-26T22:01:07.764897+00:00,npdc,e10,361,2.1392,2.449,Grande-Synthe (59760),1.99,La Sentinelle (59174)
2026-09-26T22:30:53.301923+00:00,france,gazole,8461,2.4036,2.9,Paris (75007),2.19,Lannilis (29870)
2026-09-26T22:30:53.301923+00:00,france,e10,6771,2.1752,2.675,Mionnay (01390),1.98,Limogne-en-Quercy (46260)
2026-09-26T22:30:53.301923+00:00,npdc,gazole,431,2.3819,2.784,Étaples (62630),2.225,Lille (59160)
2026-09-26T22:30:53.301923+00:00,npdc,e10,361,2.1392,2.449,Grande-Synthe (59760),1.99,La Sentinelle (59174)
2026-09-26T22:53:57.869812+00:00,france,gazole,8460,2.4036,2.9,Paris (75007),2.19,Lannilis (29870)
2026-09-26T22:53:57.869812+00:00,france,e10,6770,2.1752,2.675,Mionnay (01390),1.98,Limogne-en-Quercy (46260)
2026-09-26T22:53:57.869812+00:00,npdc,gazole,431,2.3819,2.784,Étaples (62630),2.225,Lille (59160)
2026-09-26T22:53:57.869812+00:00,npdc,e10,361,2.1392,2.449,Grande-Synthe (59760),1.99,La Sentinelle (59174)
2026-09-26T23:01:07.490759+00:00,france,gazole,8462,2.4036,2.9,Paris (75007),2.19,Lannilis (29870)
2026-09-26T23:01:07.490759+00:00,france,e10,6772,2.1752,2.675,Mionnay (01390),1.98,Limogne-en-Quercy (46260)
2026-09-26T23:01:07.490759+00:00,npdc,gazole,431,2.3819,2.784,Étaples (62630),2.225,Lille (59160)
2026-09-26T23:01:07.490759+00:00,npdc,e10,361,2.1392,2.449,Grande-Synthe (59760),1.99,La Sentinelle (59174)
2026-09-26T23:30:49.854649+00:00,france,gazole,8503,2.4029,2.9,Paris (75007),2.19,Lannilis (29870)
2026-09-26T23:30:49.854649+00:00,france,e10,6824,2.1738,2.675,Mionnay (01390),1.98,Limogne-en-Quercy (46260)
2026-09-26T23:30:49.854649+00:00,npdc,gazole,434,2.3809,2.784,Étaples (62630),2.225,Lille (59160)
2026-09-26T23:30:49.854649+00:00,npdc,e10,367,2.1368,2.449,Grande-Synthe (59760),1.99,La Sentinelle (59174)
2026-09-27T00:01:02.049987+00:00,france,gazole,8503,2.4029,2.9,Paris (75007),2.19,Lannilis (29870)
2026-09-27T00:01:02.049987+00:00,france,e10,6824,2.1738,2.675,Mionnay (01390),1.98,Limogne-en-Quercy (46260)
2026-09-27T00:01:02.049987+00:00,npdc,gazole,434,2.3809,2.784,Étaples (62630),2.225,Lille (59160)
2026-09-27T00:01:02.049987+00:00,npdc,e10,367,2.1368,2.449,Grande-Synthe (59760),1.99,La Sentinelle (59174)
2026-09-27T00:30:50.327766+00:00,france,gazole,8503,2.4029,2.9,Paris (75007),2.19,Lannilis (29870)
2026-09-27T00:30:50.327766+00:00,france,e10,6824,2.1738,2.675,Mionnay (01390),1.98,Limogne-en-Quercy (46260)
2026-09-27T00:30:50.327766+00:00,npdc,gazole,434,2.3809,2.784,Étaples (62630),2.225,Lille (59160)
2026-09-27T00:30:50.327766+00:00,npdc,e10,367,2.1368,2.449,Grande-Synthe (59760),1.99,La Sentinelle (59174)
2026-09-27T01:01:31.840107+00:00,france,gazole,8503,2.4029,2.9,Paris (75007),2.19,Lannilis (29870)
2026-09-27T01:01:31.840107+00:00,france,e10,6824,2.1738,2.675,Mionnay (01390),1.98,Limogne-en-Quercy (46260)
2026-09-27T01:01:31.840107+00:00,npdc,gazole,434,2.3809,2.784,Étaples (62630),2.225,Lille (59160)
2026-09-27T01:01:31.840107+00:00,npdc,e10,367,2.1368,2.449,Grande-Synthe (59760),1.99,La Sentinelle (59174)
2026-09-27T01:30:58.720704+00:00,france,gazole,8503,2.4029,2.9,Paris (75007),2.19,Lannilis (29870)
2026-09-27T01:30:58.720704+00:00,france,e10,6824,2.1738,2.675,Mionnay (01390),1.98,Limogne-en-Quercy (46260)
2026-09-27T01:30:58.720704+00:00,npdc,gazole,434,2.3809,2.784,Étaples (62630),2.225,Lille (59160)
2026-09-27T01:30:58.720704+00:00,npdc,e10,367,2.1368,2.449,Grande-Synthe (59760),1.99,La Sentinelle (59174)
2026-09-27T02:00:59.134276+00:00,france,gazole,8503,2.4029,2.9,Paris (75007),2.19,Lannilis (29870)
2026-09-27T02:00:59.134276+00:00,france,e10,6824,2.1738,2.675,Mionnay (01390),1.98,Limogne-en-Quercy (46260)
2026-09-27T02:00:59.134276+00:00,npdc,gazole,434,2.3809,2.784,Étaples (62630),2.225,Lille (59160)
2026-09-27T02:00:59.134276+00:00,npdc,e10,367,2.1368,2.449,Grande-Synthe (59760),1.99,La Sentinelle (59174)
2026-09-27T02:31:29.451339+00:00,france,gazole,8503,2.4029,2.9,Paris (75007),2.19,Lannilis (29870)
2026-09-27T02:31:29.451339+00:00,france,e10,6824,2.1738,2.675,Mionnay (01390),1.98,Limogne-en-Quercy (46260)
2026-09-27T02:31:29.451339+00:00,npdc,gazole,434,2.3809,2.784,Étaples (62630),2.225,Lille (59160)
2026-09-27T02:31:29.451339+00:00,npdc,e10,367,2.1368,2.449,Grande-Synthe (59760),1.99,La Sentinelle (59174)
2026-09-27T03:01:35.853353+00:00,france,gazole,8503,2.4029,2.9,Paris (75007),2.19,Lannilis (29870)
2026-09-27T03:01:35.853353+00:00,france,e10,6824,2.1738,2.675,Mionnay (01390),1.98,Limogne-en-Quercy (46260)
2026-09-27T03:01:35.853353+00:00,npdc,gazole,434,2.3809,2.784,Étaples (62630),2.225,Lille (59160)
2026-09-27T03:01:35.853353+00:00,npdc,e10,367,2.1368,2.449,Grande-Synthe (59760),1.99,La Sentinelle (59174)
2026-09-27T03:30:57.503967+00:00,france,gazole,8503,2.4029,2.9,Paris (75007),2.19,Lannilis (29870)
2026-09-27T03:30:57.503967+00:00,france,e10,6824,2.1738,2.675,Mionnay (01390),1.98,Limogne-en-Quercy (46260)
2026-09-27T03:30:57.503967+00:00,npdc,gazole,434,2.3809,2.784,Étaples (62630),2.225,Lille (59160)
2026-09-27T03:30:57.503967+00:00,npdc,e10,367,2.1368,2.449,Grande-Synthe (59760),1.99,La Sentinelle (59174)
2026-09-27T04:01:23.312215+00:00,france,gazole,8503,2.4029,2.9,Paris (75007),2.19,Lannilis (29870)
2026-09-27T04:01:23.312215+00:00,france,e10,6823,2.1738,2.675,Mionnay (01390),1.98,Limogne-en-Quercy (46260)
2026-09-27T04:01:23.312215+00:00,npdc,gazole,434,2.3809,2.784,Étaples (62630),2.225,Lille (59160)
2026-09-27T04:01:23.312215+00:00,npdc,e10,367,2.1368,2.449,Grande-Synthe (59760),1.99,La Sentinelle (59174)
2026-09-27T04:30:54.554955+00:00,france,gazole,8503,2.4029,2.9,Paris (75007),2.19,Lannilis (29870)
2026-09-27T04:30:54.554955+00:00,france,e10,6823,2.1738,2.675,Mionnay (01390),1.98,Limogne-en-Quercy (46260)
2026-09-27T04:30:54.554955+00:00,npdc,gazole,434,2.3809,2.784,Étaples (62630),2.225,Lille (59160)
2026-09-27T04:30:54.554955+00:00,npdc,e10,367,2.1368,2.449,Grande-Synthe (59760),1.99,La Sentinelle (59174)
2026-09-27T05:01:07.510759+00:00,france,gazole,8503,2.4029,2.9,Paris (75007),2.19,Lannilis (29870)
2026-09-27T05:01:07.510759+00:00,france,e10,6822,2.1738,2.675,Mionnay (01390),1.98,Limogne-en-Quercy (46260)
2026-09-27T05:01:07.510759+00:00,npdc,gazole,434,2.3809,2.784,Étaples (62630),2.225,Lille (59160)
2026-09-27T05:01:07.510759+00:00,npdc,e10,367,2.1368,2.449,Grande-Synthe (59760),1.99,La Sentinelle (59174)
2026-09-27T05:21:39.064451+00:00,france,gazole,8503,2.4029,2.9,Paris (75007),2.19,Lannilis (29870)
2026-09-27T05:21:39.064451+00:00,france,e10,6823,2.1738,2.675,Mionnay (01390),1.98,Limogne-en-Quercy (46260)
2026-09-27T05:21:39.064451+00:00,npdc,gazole,434,2.3809,2.784,Étaples (62630),2.225,Lille (59160)
2026-09-27T05:21:39.064451+00:00,npdc,e10,367,2.1368,2.449,Grande-Synthe (59760),1.99,La Sentinelle (59174)
2026-09-27T05:30:53.662445+00:00,france,gazole,8503,2.4029,2.9,Paris (75007),2.19,Lannilis (29870)
2026-09-27T05:30:53.662445+00:00,france,e10,6823,2.1738,2.675,Mionnay (01390),1.98,Limogne-en-Quercy (46260)
2026-09-27T05:30:53.662445+00:00,npdc,gazole,434,2.3809,2.784,Étaples (62630),2.225,Lille (59160)
2026-09-27T05:30:53.662445+00:00,npdc,e10,367,2.1368,2.449,Grande-Synthe (59760),1.99,La Sentinelle (59174)
2026-09-27T06:01:15.161306+00:00,france,gazole,8500,2.4029,2.9,Paris (75007),2.19,Lannilis (29870)
2026-09-27T06:01:15.161306+00:00,france,e10,6818,2.1739,2.675,Mionnay (01390),1.98,Limogne-en-Quercy (46260)
2026-09-27T06:01:15.161306+00:00,npdc,gazole,434,2.3809,2.784,Étaples (62630),2.225,Lille (59160)
2026-09-27T06:01:15.161306+00:00,npdc,e10,365,2.1376,2.449,Grande-Synthe (59760),1.99,La Sentinelle (59174)
2026-09-27T06:31:07.533728+00:00,france,gazole,8500,2.4029,2.9,Paris (75007),2.19,Lannilis (29870)
2026-09-27T06:31:07.533728+00:00,france,e10,6818,2.1739,2.675,Mionnay (01390),1.98,Limogne-en-Quercy (46260)
2026-09-27T06:31:07.533728+00:00,npdc,gazole,434,2.3809,2.784,Étaples (62630),2.225,Lille (59160)
2026-09-27T06:31:07.533728+00:00,npdc,e10,365,2.1376,2.449,Grande-Synthe (59760),1.99,La Sentinelle (59174)
2026-09-27T07:01:26.063748+00:00,france,gazole,8499,2.4029,2.9,Paris (75007),2.19,Lannilis (29870)
2026-09-27T07:01:26.063748+00:00,france,e10,6818,2.1739,2.675,Mionnay (01390),1.98,Limogne-en-Quercy (46260)
2026-09-27T07:01:26.063748+00:00,npdc,gazole,435,2.3806,2.784,Étaples (62630),2.225,Lille (59160)
2026-09-27T07:01:26.063748+00:00,npdc,e10,366,2.1372,2.449,Grande-Synthe (59760),1.99,La Sentinelle (59174)
2026-09-27T07:31:11.519607+00:00,france,gazole,8503,2.403,2.9,Paris (75007),2.19,Lannilis (29870)
2026-09-27T07:31:11.519607+00:00,france,e10,6818,2.1741,2.675,Mionnay (01390),1.98,Limogne-en-Quercy (46260)
2026-09-27T07:31:11.519607+00:00,npdc,gazole,436,2.3803,2.784,Étaples (62630),2.225,Lille (59160)
2026-09-27T07:31:11.519607+00:00,npdc,e10,366,2.1375,2.449,Grande-Synthe (59760),1.99,La Sentinelle (59174)
2026-09-27T08:01:12.238210+00:00,france,gazole,8504,2.4029,2.9,Paris (75007),2.19,Lannilis (29870)
2026-09-27T08:01:12.238210+00:00,france,e10,6820,2.174,2.675,Mionnay (01390),1.98,Limogne-en-Quercy (46260)
2026-09-27T08:01:12.238210+00:00,npdc,gazole,437,2.38,2.784,Étaples (62630),2.225,Lille (59160)
2026-09-27T08:01:12.238210+00:00,npdc,e10,366,2.1375,2.449,Grande-Synthe (59760),1.99,La Sentinelle (59174)
2026-09-27T08:31:10.461669+00:00,france,gazole,8504,2.4029,2.9,Paris (75007),2.19,Lannilis (29870)
2026-09-27T08:31:10.461669+00:00,france,e10,6822,2.1739,2.675,Mionnay (01390),1.98,Limogne-en-Quercy (46260)
2026-09-27T08:31:10.461669+00:00,npdc,gazole,437,2.38,2.784,Étaples (62630),2.225,Lille (59160)
2026-09-27T08:31:10.461669+00:00,npdc,e10,366,2.1375,2.449,Grande-Synthe (59760),1.99,La Sentinelle (59174)
2026-09-27T09:01:09.311254+00:00,france,gazole,8501,2.403,2.9,Paris (75007),2.19,Lannilis (29870)
2026-09-27T09:01:09.311254+00:00,france,e10,6817,2.1741,2.675,Mionnay (01390),1.98,Limogne-en-Quercy (46260)
2026-09-27T09:01:09.311254+00:00,npdc,gazole,437,2.38,2.784,Étaples (62630),2.225,Lille (59160)
2026-09-27T09:01:09.311254+00:00,npdc,e10,366,2.1375,2.449,Grande-Synthe (59760),1.99,La Sentinelle (59174)
2026-09-27T09:31:07.729170+00:00,france,gazole,8496,2.403,2.9,Paris (75007),2.19,Lannilis (29870)
2026-09-27T09:31:07.729170+00:00,france,e10,6817,2.1741,2.675,Mionnay (01390),1.98,Limogne-en-Quercy (46260)
2026-09-27T09:31:07.729170+00:00,npdc,gazole,436,2.3803,2.784,Étaples (62630),2.225,Lille (59160)
2026-09-27T09:31:07.729170+00:00,npdc,e10,366,2.1375,2.449,Grande-Synthe (59760),1.99,La Sentinelle (59174)
2026-09-27T10:01:26.352994+00:00,france,gazole,8489,2.4031,2.9,Paris (75007),2.19,Lannilis (29870)
2026-09-27T10:01:26.352994+00:00,france,e10,6808,2.1743,2.675,Mionnay (01390),1.98,Limogne-en-Quercy (46260)
2026-09-27T10:01:26.352994+00:00,npdc,gazole,436,2.3804,2.784,Étaples (62630),2.225,Lille (59160)
2026-09-27T10:01:26.352994+00:00,npdc,e10,364,2.1383,2.449,Grande-Synthe (59760),1.99,La Sentinelle (59174)
2026-09-27T10:30:59.999023+00:00,france,gazole,8472,2.4034,2.9,Paris (75007),2.19,Lannilis (29870)
2026-09-27T10:30:59.999023+00:00,france,e10,6781,2.175,2.675,Mionnay (01390),1.98,Limogne-en-Quercy (46260)
2026-09-27T10:30:59.999023+00:00,npdc,gazole,435,2.3805,2.784,Étaples (62630),2.225,Lille (59160)
2026-09-27T10:30:59.999023+00:00,npdc,e10,362,2.1391,2.449,Grande-Synthe (59760),1.99,La Sentinelle (59174)
2026-09-27T11:01:00.584407+00:00,france,gazole,8455,2.4037,2.9,Paris (75007),2.19,Lannilis (29870)
2026-09-27T11:01:00.584407+00:00,france,e10,6754,2.1757,2.675,Mionnay (01390),1.98,Limogne-en-Quercy (46260)
2026-09-27T11:01:00.584407+00:00,npdc,gazole,434,2.3808,2.784,Étaples (62630),2.225,Lille (59160)
2026-09-27T11:01:00.584407+00:00,npdc,e10,362,2.1391,2.449,Grande-Synthe (59760),1.99,La Sentinelle (59174)
2026-09-27T11:31:29.030748+00:00,france,gazole,8447,2.4039,2.9,Paris (75007),2.19,Lannilis (29870)
2026-09-27T11:31:29.030748+00:00,france,e10,6745,2.176,2.675,Mionnay (01390),1.98,Limogne-en-Quercy (46260)
2026-09-27T11:31:29.030748+00:00,npdc,gazole,433,2.3811,2.784,Étaples (62630),2.225,Lille (59160)
2026-09-27T11:31:29.030748+00:00,npdc,e10,361,2.1395,2.449,Grande-Synthe (59760),1.99,La Sentinelle (59174)
2026-09-27T12:01:26.770204+00:00,france,gazole,8434,2.4041,2.9,Paris (75007),2.19,Lannilis (29870)
2026-09-27T12:01:26.770204+00:00,france,e10,6729,2.1764,2.675,Mionnay (01390),1.989,La Fouillade (12270)
2026-09-27T12:01:26.770204+00:00,npdc,gazole,432,2.3814,2.784,Étaples (62630),2.225,Lille (59160)
2026-09-27T12:01:26.770204+00:00,npdc,e10,360,2.1399,2.449,Grande-Synthe (59760),1.99,La Sentinelle (59174)
2026-09-27T12:30:50.116183+00:00,france,gazole,8431,2.4041,2.9,Paris (75007),2.19,Lannilis (29870)
2026-09-27T12:30:50.116183+00:00,france,e10,6726,2.1765,2.675,Mionnay (01390),1.989,La Fouillade (12270)
2026-09-27T12:30:50.116183+00:00,npdc,gazole,432,2.3814,2.784,Étaples (62630),2.225,Lille (59160)
2026-09-27T12:30:50.116183+00:00,npdc,e10,360,2.1399,2.449,Grande-Synthe (59760),1.99,La Sentinelle (59174)
2026-09-27T13:00:55.200514+00:00,france,gazole,8427,2.4042,2.9,Paris (75007),2.19,Lannilis (29870)
2026-09-27T13:00:55.200514+00:00,france,e10,6721,2.1766,2.675,Mionnay (01390),1.989,La Fouillade (12270)
2026-09-27T13:00:55.200514+00:00,npdc,gazole,432,2.3814,2.784,Étaples (62630),2.225,Lille (59160)
2026-09-27T13:00:55.200514+00:00,npdc,e10,359,2.1404,2.449,Grande-Synthe (59760),1.99,La Sentinelle (59174)
2026-09-27T13:19:40.532273+00:00,france,gazole,8484,2.4032,2.9,Paris (75007),2.19,Lannilis (29870)
2026-09-27T13:19:40.532273+00:00,france,e10,6798,2.1745,2.675,Mionnay (01390),1.98,Limogne-en-Quercy (46260)
2026-09-27T13:19:40.532273+00:00,npdc,gazole,436,2.3802,2.784,Étaples (62630),2.225,Lille (59160)
2026-09-27T13:19:40.532273+00:00,npdc,e10,365,2.1379,2.449,Grande-Synthe (59760),1.99,La Sentinelle (59174)
2026-09-27T13:31:18.952699+00:00,france,gazole,8408,2.4045,2.9,Paris (75007),2.19,Lannilis (29870)
2026-09-27T13:31:18.952699+00:00,france,e10,6694,2.1774,2.675,Mionnay (01390),1.989,La Fouillade (12270)
2026-09-27T13:31:18.952699+00:00,npdc,gazole,429,2.3824,2.784,Étaples (62630),2.225,Lille (59160)
2026-09-27T13:31:18.952699+00:00,npdc,e10,355,2.1421,2.449,Grande-Synthe (59760),1.99,La Sentinelle (59174)
2026-09-27T14:00:54.143507+00:00,france,gazole,8408,2.4045,2.9,Paris (75007),2.19,Lannilis (29870)
2026-09-27T14:00:54.143507+00:00,france,e10,6694,2.1774,2.675,Mionnay (01390),1.989,La Fouillade (12270)
2026-09-27T14:00:54.143507+00:00,npdc,gazole,429,2.3824,2.784,Étaples (62630),2.225,Lille (59160)
2026-09-27T14:00:54.143507+00:00,npdc,e10,355,2.1421,2.449,Grande-Synthe (59760),1.99,La Sentinelle (59174)
2026-09-27T14:01:39.024967+00:00,france,gazole,8421,2.4043,2.9,Paris (75007),2.19,Lannilis (29870)
2026-09-27T14:01:39.024967+00:00,france,e10,6715,2.1768,2.675,Mionnay (01390),1.989,La Fouillade (12270)
2026-09-27T14:01:39.024967+00:00,npdc,gazole,432,2.3814,2.784,Étaples (62630),2.225,Lille (59160)
2026-09-27T14:01:39.024967+00:00,npdc,e10,359,2.1404,2.449,Grande-Synthe (59760),1.99,La Sentinelle (59174)
2026-09-27T14:30:54.501810+00:00,france,gazole,8399,2.4047,2.9,Paris (75007),2.19,Lannilis (29870)
2026-09-27T14:30:54.501810+00:00,france,e10,6690,2.1775,2.675,Mionnay (01390),1.989,La Fouillade (12270)
2026-09-27T14:30:54.501810+00:00,npdc,gazole,429,2.3824,2.784,Étaples (62630),2.225,Lille (59160)
2026-09-27T14:30:54.501810+00:00,npdc,e10,354,2.1425,2.449,Grande-Synthe (59760),1.99,La Sentinelle (59174)
2026-09-27T15:01:37.560530+00:00,france,gazole,8399,2.4047,2.9,Paris (75007),2.19,Lannilis (29870)
2026-09-27T15:01:37.560530+00:00,france,e10,6690,2.1775,2.675,Mionnay (01390),1.989,La Fouillade (12270)
2026-09-27T15:01:37.560530+00:00,npdc,gazole,429,2.3824,2.784,Étaples (62630),2.225,Lille (59160)
2026-09-27T15:01:37.560530+00:00,npdc,e10,354,2.1425,2.449,Grande-Synthe (59760),1.99,La Sentinelle (59174)
2026-09-27T15:30:54.023339+00:00,france,gazole,8383,2.405,2.9,Paris (75007),2.19,Lannilis (29870)
2026-09-27T15:30:54.023339+00:00,france,e10,6669,2.1781,2.675,Mionnay (01390),1.989,La Fouillade (12270)
2026-09-27T15:30:54.023339+00:00,npdc,gazole,429,2.3824,2.784,Étaples (62630),2.225,Lille (59160)
2026-09-27T15:30:54.023339+00:00,npdc,e10,352,2.1434,2.449,Grande-Synthe (59760),1.99,La Sentinelle (59174)
2026-09-27T16:00:59.407637+00:00,france,gazole,8367,2.4053,2.9,Paris (75007),2.19,Lannilis (29870)
2026-09-27T16:00:59.407637+00:00,france,e10,6653,2.1785,2.675,Mionnay (01390),1.989,La Fouillade (12270)
2026-09-27T16:00:59.407637+00:00,npdc,gazole,428,2.3827,2.784,Étaples (62630),2.225,Lille (59160)
2026-09-27T16:00:59.407637+00:00,npdc,e10,352,2.1434,2.449,Grande-Synthe (59760),1.99,La Sentinelle (59174)
2026-09-27T16:32:00.943093+00:00,france,gazole,8362,2.4054,2.9,Paris (75007),2.19,Lannilis (29870)
2026-09-27T16:32:00.943093+00:00,france,e10,6650,2.1786,2.675,Mionnay (01390),1.989,La Fouillade (12270)
2026-09-27T16:32:00.943093+00:00,npdc,gazole,427,2.383,2.784,Étaples (62630),2.225,Lille (59160)
2026-09-27T16:32:00.943093+00:00,npdc,e10,352,2.1434,2.449,Grande-Synthe (59760),1.99,La Sentinelle (59174)
2026-09-27T17:00:54.771428+00:00,france,gazole,8389,2.4049,2.9,Paris (75007),2.19,Lannilis (29870)
2026-09-27T17:00:54.771428+00:00,france,e10,6676,2.1779,2.675,Mionnay (01390),1.989,La Fouillade (12270)
2026-09-27T17:00:54.771428+00:00,npdc,gazole,429,2.3824,2.784,Étaples (62630),2.225,Lille (59160)
2026-09-27T17:00:54.771428+00:00,npdc,e10,352,2.1434,2.449,Grande-Synthe (59760),1.99,La Sentinelle (59174)
2026-09-27T17:31:25.827058+00:00,france,gazole,8345,2.4057,2.9,Paris (75007),2.148,Paimpol (22500)
2026-09-27T17:31:25.827058+00:00,france,e10,6635,2.1791,2.675,Mionnay (01390),1.989,La Fouillade (12270)
2026-09-27T17:31:25.827058+00:00,npdc,gazole,426,2.3833,2.784,Étaples (62630),2.225,Lille (59160)
2026-09-27T17:31:25.827058+00:00,npdc,e10,352,2.1434,2.449,Grande-Synthe (59760),1.99,La Sentinelle (59174)
2026-09-27T18:00:55.240486+00:00,france,gazole,8353,2.4056,2.9,Paris (75007),2.148,Paimpol (22500)
2026-09-27T18:00:55.240486+00:00,france,e10,6642,2.1789,2.675,Mionnay (01390),1.989,La Fouillade (12270)
2026-09-27T18:00:55.240486+00:00,npdc,gazole,426,2.3833,2.784,Étaples (62630),2.225,Lille (59160)
2026-09-27T18:00:55.240486+00:00,npdc,e10,352,2.1434,2.449,Grande-Synthe (59760),1.99,La Sentinelle (59174)
2026-09-27T18:30:47.034003+00:00,france,gazole,8327,2.4061,2.9,Paris (75007),2.148,Paimpol (22500)
2026-09-27T18:30:47.034003+00:00,france,e10,6614,2.1797,2.675,Mionnay (01390),1.989,La Fouillade (12270)
2026-09-27T18:30:47.034003+00:00,npdc,gazole,423,2.3842,2.784,Étaples (62630),2.225,Lille (59160)
2026-09-27T18:30:47.034003+00:00,npdc,e10,350,2.1442,2.449,Grande-Synthe (59760),1.99,La Sentinelle (59174)
2026-09-27T19:01:00.537248+00:00,france,gazole,8314,2.4063,2.9,Paris (75007),2.148,Paimpol (22500)
2026-09-27T19:01:00.537248+00:00,france,e10,6601,2.1801,2.675,Mionnay (01390),1.989,La Fouillade (12270)
2026-09-27T19:01:00.537248+00:00,npdc,gazole,422,2.3846,2.784,Étaples (62630),2.225,Lille (59160)
2026-09-27T19:01:00.537248+00:00,npdc,e10,349,2.1447,2.449,Grande-Synthe (59760),1.99,La Sentinelle (59174)
2026-09-27T19:30:46.821008+00:00,france,gazole,8335,2.4059,2.9,Paris (75007),2.148,Paimpol (22500)
2026-09-27T19:30:46.821008+00:00,france,e10,6621,2.1795,2.675,Mionnay (01390),1.989,La Fouillade (12270)
2026-09-27T19:30:46.821008+00:00,npdc,gazole,425,2.3836,2.784,Étaples (62630),2.225,Lille (59160)
2026-09-27T19:30:46.821008+00:00,npdc,e10,350,2.1442,2.449,Grande-Synthe (59760),1.99,La Sentinelle (59174)
2026-09-27T19:46:32.840056+00:00,france,gazole,8299,2.4065,2.9,Paris (75007),2.19,Lannilis (29870)
2026-09-27T19:46:32.840056+00:00,france,e10,6586,2.1803,2.675,Mionnay (01390),1.989,La Fouillade (12270)
2026-09-27T19:46:32.840056+00:00,npdc,gazole,421,2.3846,2.784,Étaples (62630),2.225,Lille (59160)
2026-09-27T19:46:32.840056+00:00,npdc,e10,347,2.1453,2.449,Grande-Synthe (59760),1.99,La Sentinelle (59174)
2026-09-27T20:00:56.718060+00:00,france,gazole,8297,2.4066,2.9,Paris (75007),2.19,Lannilis (29870)
2026-09-27T20:00:56.718060+00:00,france,e10,6583,2.1804,2.675,Mionnay (01390),1.989,La Fouillade (12270)
2026-09-27T20:00:56.718060+00:00,npdc,gazole,421,2.3846,2.784,Étaples (62630),2.225,Lille (59160)
2026-09-27T20:00:56.718060+00:00,npdc,e10,347,2.1453,2.449,Grande-Synthe (59760),1.99,La Sentinelle (59174)
2026-09-27T20:30:56.316525+00:00,france,gazole,8295,2.4066,2.9,Paris (75007),2.19,Lannilis (29870)
2026-09-27T20:30:56.316525+00:00,france,e10,6581,2.1805,2.675,Mionnay (01390),1.989,La Fouillade (12270)
2026-09-27T20:30:56.316525+00:00,npdc,gazole,420,2.385,2.784,Étaples (62630),2.225,Lille (59160)
2026-09-27T20:30:56.316525+00:00,npdc,e10,346,2.1457,2.449,Grande-Synthe (59760),1.99,La Sentinelle (59174)
2026-09-27T21:00:52.978441+00:00,france,gazole,8295,2.4066,2.9,Paris (75007),2.19,Lannilis (29870)
2026-09-27T21:00:52.978441+00:00,france,e10,6577,2.1806,2.675,Mionnay (01390),1.989,La Fouillade (12270)
2026-09-27T21:00:52.978441+00:00,npdc,gazole,420,2.385,2.784,Étaples (62630),2.225,Lille (59160)
2026-09-27T21:00:52.978441+00:00,npdc,e10,346,2.1457,2.449,Grande-Synthe (59760),1.99,La Sentinelle (59174)
2026-09-27T21:30:54.743948+00:00,france,gazole,8294,2.4066,2.9,Paris (75007),2.19,Lannilis (29870)
2026-09-27T21:30:54.743948+00:00,france,e10,6576,2.1806,2.675,Mionnay (01390),1.989,La Fouillade (12270)
2026-09-27T21:30:54.743948+00:00,npdc,gazole,421,2.3846,2.784,Étaples (62630),2.225,Lille (59160)
2026-09-27T21:30:54.743948+00:00,npdc,e10,347,2.1453,2.449,Grande-Synthe (59760),1.99,La Sentinelle (59174)
2026-09-27T22:00:57.669021+00:00,france,gazole,8289,2.4067,2.9,Paris (75007),2.19,Lannilis (29870)
2026-09-27T22:00:57.669021+00:00,france,e10,6571,2.1808,2.675,Mionnay (01390),1.989,La Fouillade (12270)
2026-09-27T22:00:57.669021+00:00,npdc,gazole,421,2.3846,2.784,Étaples (62630),2.225,Lille (59160)
2026-09-27T22:00:57.669021+00:00,npdc,e10,347,2.1453,2.449,Grande-Synthe (59760),1.99,La Sentinelle (59174)
2026-09-27T22:30:43.050785+00:00,france,gazole,8294,2.4066,2.9,Paris (75007),2.19,Lannilis (29870)
2026-09-27T22:30:43.050785+00:00,france,e10,6577,2.1806,2.675,Mionnay (01390),1.989,La Fouillade (12270)
2026-09-27T22:30:43.050785+00:00,npdc,gazole,421,2.3846,2.784,Étaples (62630),2.225,Lille (59160)
2026-09-27T22:30:43.050785+00:00,npdc,e10,347,2.1453,2.449,Grande-Synthe (59760),1.99,La Sentinelle (59174)
2026-09-27T23:00:50.071579+00:00,france,gazole,8289,2.4067,2.9,Paris (75007),2.19,Lannilis (29870)
2026-09-27T23:00:50.071579+00:00,france,e10,6571,2.1808,2.675,Mionnay (01390),1.989,La Fouillade (12270)
2026-09-27T23:00:50.071579+00:00,npdc,gazole,421,2.3846,2.784,Étaples (62630),2.225,Lille (59160)
2026-09-27T23:00:50.071579+00:00,npdc,e10,347,2.1453,2.449,Grande-Synthe (59760),1.99,La Sentinelle (59174)
2026-09-27T23:04:49.985410+00:00,france,gazole,8289,2.4067,2.9,Paris (75007),2.19,Lannilis (29870)
2026-09-27T23:04:49.985410+00:00,france,e10,6571,2.1808,2.675,Mionnay (01390),1.989,La Fouillade (12270)
2026-09-27T23:04:49.985410+00:00,npdc,gazole,421,2.3846,2.784,Étaples (62630),2.225,Lille (59160)
2026-09-27T23:04:49.985410+00:00,npdc,e10,347,2.1453,2.449,Grande-Synthe (59760),1.99,La Sentinelle (59174)
2026-09-27T23:30:54.595586+00:00,france,gazole,8302,2.4065,2.9,Paris (75007),2.19,Lannilis (29870)
2026-09-27T23:30:54.595586+00:00,france,e10,6586,2.1804,2.675,Mionnay (01390),1.989,La Fouillade (12270)
2026-09-27T23:30:54.595586+00:00,npdc,gazole,422,2.3843,2.784,Étaples (62630),2.225,Lille (59160)
2026-09-27T23:30:54.595586+00:00,npdc,e10,348,2.1448,2.449,Grande-Synthe (59760),1.99,La Sentinelle (59174)
2026-09-28T00:00:47.827955+00:00,france,gazole,8302,2.4065,2.9,Paris (75007),2.19,Lannilis (29870)
2026-09-28T00:00:47.827955+00:00,france,e10,6585,2.1804,2.675,Mionnay (01390),1.989,La Fouillade (12270)
2026-09-28T00:00:47.827955+00:00,npdc,gazole,422,2.3843,2.784,Étaples (62630),2.225,Lille (59160)
2026-09-28T00:00:47.827955+00:00,npdc,e10,348,2.1448,2.449,Grande-Synthe (59760),1.99,La Sentinelle (59174)
2026-09-28T00:30:53.278171+00:00,france,gazole,8302,2.4065,2.9,Paris (75007),2.19,Lannilis (29870)
2026-09-28T00:30:53.278171+00:00,france,e10,6585,2.1804,2.675,Mionnay (01390),1.989,La Fouillade (12270)
2026-09-28T00:30:53.278171+00:00,npdc,gazole,422,2.3843,2.784,Étaples (62630),2.225,Lille (59160)
2026-09-28T00:30:53.278171+00:00,npdc,e10,348,2.1448,2.449,Grande-Synthe (59760),1.99,La Sentinelle (59174)
2026-09-28T01:01:11.939870+00:00,france,gazole,8302,2.4065,2.9,Paris (75007),2.19,Lannilis (29870)
2026-09-28T01:01:11.939870+00:00,france,e10,6585,2.1804,2.675,Mionnay (01390),1.989,La Fouillade (12270)
2026-09-28T01:01:11.939870+00:00,npdc,gazole,422,2.3843,2.784,Étaples (62630),2.225,Lille (59160)
2026-09-28T01:01:11.939870+00:00,npdc,e10,348,2.1448,2.449,Grande-Synthe (59760),1.99,La Sentinelle (59174)
2026-09-28T01:30:55.606200+00:00,france,gazole,8302,2.4065,2.9,Paris (75007),2.19,Lannilis (29870)
2026-09-28T01:30:55.606200+00:00,france,e10,6586,2.1804,2.675,Mionnay (01390),1.989,La Fouillade (12270)
2026-09-28T01:30:55.606200+00:00,npdc,gazole,422,2.3843,2.784,Étaples (62630),2.225,Lille (59160)
2026-09-28T01:30:55.606200+00:00,npdc,e10,348,2.1448,2.449,Grande-Synthe (59760),1.99,La Sentinelle (59174)
2026-09-28T02:01:08.453787+00:00,france,gazole,8302,2.4065,2.9,Paris (75007),2.19,Lannilis (29870)
2026-09-28T02:01:08.453787+00:00,france,e10,6585,2.1804,2.675,Mionnay (01390),1.989,La Fouillade (12270)
2026-09-28T02:01:08.453787+00:00,npdc,gazole,422,2.3843,2.784,Étaples (62630),2.225,Lille (59160)
2026-09-28T02:01:08.453787+00:00,npdc,e10,348,2.1448,2.449,Grande-Synthe (59760),1.99,La Sentinelle (59174)
2026-09-28T02:30:50.336803+00:00,france,gazole,8302,2.4065,2.9,Paris (75007),2.19,Lannilis (29870)
2026-09-28T02:30:50.336803+00:00,france,e10,6584,2.1805,2.675,Mionnay (01390),1.989,La Fouillade (12270)
2026-09-28T02:30:50.336803+00:00,npdc,gazole,422,2.3843,2.784,Étaples (62630),2.225,Lille (59160)
2026-09-28T02:30:50.336803+00:00,npdc,e10,348,2.1448,2.449,Grande-Synthe (59760),1.99,La Sentinelle (59174)
2026-09-28T03:01:17.906875+00:00,france,gazole,8302,2.4065,2.9,Paris (75007),2.19,Lannilis (29870)
2026-09-28T03:01:17.906875+00:00,france,e10,6584,2.1805,2.675,Mionnay (01390),1.989,La Fouillade (12270)
2026-09-28T03:01:17.906875+00:00,npdc,gazole,422,2.3843,2.784,Étaples (62630),2.225,Lille (59160)
2026-09-28T03:01:17.906875+00:00,npdc,e10,348,2.1448,2.449,Grande-Synthe (59760),1.99,La Sentinelle (59174)
2026-09-28T03:30:55.735518+00:00,france,gazole,8302,2.4065,2.9,Paris (75007),2.19,Lannilis (29870)
2026-09-28T03:30:55.735518+00:00,france,e10,6585,2.1804,2.675,Mionnay (01390),1.989,La Fouillade (12270)
2026-09-28T03:30:55.735518+00:00,npdc,gazole,422,2.3843,2.784,Étaples (62630),2.225,Lille (59160)
2026-09-28T03:30:55.735518+00:00,npdc,e10,348,2.1448,2.449,Grande-Synthe (59760),1.99,La Sentinelle (59174)
2026-09-28T04:00:50.632542+00:00,france,gazole,8302,2.4065,2.9,Paris (75007),2.19,Lannilis (29870)
2026-09-28T04:00:50.632542+00:00,france,e10,6584,2.1805,2.675,Mionnay (01390),1.989,La Fouillade (12270)
2026-09-28T04:00:50.632542+00:00,npdc,gazole,422,2.3843,2.784,Étaples (62630),2.225,Lille (59160)
2026-09-28T04:00:50.632542+00:00,npdc,e10,348,2.1448,2.449,Grande-Synthe (59760),1.99,La Sentinelle (59174)
2026-09-28T04:30:59.218836+00:00,france,gazole,8303,2.4065,2.9,Paris (75007),2.19,Lannilis (29870)
2026-09-28T04:30:59.218836+00:00,france,e10,6584,2.1806,2.675,Mionnay (01390),1.989,La Fouillade (12270)
2026-09-28T04:30:59.218836+00:00,npdc,gazole,422,2.3843,2.784,Étaples (62630),2.225,Lille (59160)
2026-09-28T04:30:59.218836+00:00,npdc,e10,348,2.1448,2.449,Grande-Synthe (59760),1.99,La Sentinelle (59174)
2026-09-28T05:01:09.279931+00:00,france,gazole,8312,2.4063,2.9,Paris (75007),2.19,Lannilis (29870)
2026-09-28T05:01:09.279931+00:00,france,e10,6589,2.1804,2.675,Mionnay (01390),1.989,La Fouillade (12270)
2026-09-28T05:01:09.279931+00:00,npdc,gazole,423,2.384,2.784,Étaples (62630),2.225,Lille (59160)
2026-09-28T05:01:09.279931+00:00,npdc,e10,348,2.1448,2.449,Grande-Synthe (59760),1.99,Waziers (59119)
2026-09-28T05:27:45.138348+00:00,france,gazole,8303,2.4064,2.9,Paris (75007),2.19,Lannilis (29870)
2026-09-28T05:27:45.138348+00:00,france,e10,6584,2.1805,2.675,Mionnay (01390),1.989,La Fouillade (12270)
2026-09-28T05:27:45.138348+00:00,npdc,gazole,422,2.3843,2.784,Étaples (62630),2.225,Lille (59160)
2026-09-28T05:27:45.138348+00:00,npdc,e10,348,2.1448,2.449,Grande-Synthe (59760),1.99,La Sentinelle (59174)
2026-09-28T05:30:59.594269+00:00,france,gazole,8319,2.4062,2.9,Paris (75007),2.19,Lannilis (29870)
2026-09-28T05:30:59.594269+00:00,france,e10,6598,2.1803,2.675,Mionnay (01390),1.989,La Fouillade (12270)
2026-09-28T05:30:59.594269+00:00,npdc,gazole,426,2.3831,2.784,Étaples (62630),2.225,Lille (59160)
2026-09-28T05:30:59.594269+00:00,npdc,e10,350,2.1439,2.449,Grande-Synthe (59760),1.99,Waziers (59119)
2026-09-28T06:01:13.028391+00:00,france,gazole,8336,2.4058,2.9,Paris (75007),2.19,Lannilis (29870)
2026-09-28T06:01:13.028391+00:00,france,e10,6619,2.1798,2.675,Mionnay (01390),1.989,La Fouillade (12270)
2026-09-28T06:01:13.028391+00:00,npdc,gazole,427,2.3827,2.784,Étaples (62630),2.225,Lille (59160)
2026-09-28T06:01:13.028391+00:00,npdc,e10,350,2.1439,2.449,Grande-Synthe (59760),1.99,Waziers (59119)
2026-09-28T06:30:56.146706+00:00,france,gazole,8347,2.4057,2.9,Paris (75007),2.19,Lannilis (29870)
2026-09-28T06:30:56.146706+00:00,france,e10,6627,2.1798,2.675,Mionnay (01390),1.989,La Fouillade (12270)
2026-09-28T06:30:56.146706+00:00,npdc,gazole,426,2.3831,2.784,Étaples (62630),2.225,Lille (59160)
2026-09-28T06:30:56.146706+00:00,npdc,e10,351,2.1438,2.449,Grande-Synthe (59760),1.99,Waziers (59119)
2026-09-28T07:00:57.007717+00:00,france,gazole,8336,2.4058,2.9,Paris (75007),2.19,Lannilis (29870)
2026-09-28T07:00:57.007717+00:00,france,e10,6619,2.1798,2.675,Mionnay (01390),1.989,La Fouillade (12270)
2026-09-28T07:00:57.007717+00:00,npdc,gazole,427,2.3827,2.784,Étaples (62630),2.225,Lille (59160)
2026-09-28T07:00:57.007717+00:00,npdc,e10,350,2.1439,2.449,Grande-Synthe (59760),1.99,Waziers (59119)
2026-09-28T07:31:25.708747+00:00,france,gazole,8375,2.4053,2.9,Paris (75007),2.19,Lannilis (29870)
2026-09-28T07:31:25.708747+00:00,france,e10,6636,2.1803,2.675,Mionnay (01390),1.989,La Fouillade (12270)
2026-09-28T07:31:25.708747+00:00,npdc,gazole,428,2.3828,2.784,Étaples (62630),2.225,Lille (59160)
2026-09-28T07:31:25.708747+00:00,npdc,e10,354,2.1435,2.449,Grande-Synthe (59760),1.99,Waziers (59119)
2026-09-28T08:01:06.241813+00:00,france,gazole,8368,2.4055,2.9,Paris (75007),2.19,Lannilis (29870)
2026-09-28T08:01:06.241813+00:00,france,e10,6636,2.1801,2.675,Mionnay (01390),1.989,La Fouillade (12270)
2026-09-28T08:01:06.241813+00:00,npdc,gazole,429,2.3824,2.784,Étaples (62630),2.225,Lille (59160)
2026-09-28T08:01:06.241813+00:00,npdc,e10,356,2.1425,2.449,Grande-Synthe (59760),1.99,Waziers (59119)
2026-09-28T08:30:50.110858+00:00,france,gazole,8382,2.4052,2.9,Paris (75007),2.19,Lannilis (29870)
2026-09-28T08:30:50.110858+00:00,france,e10,6652,2.1807,2.675,Mionnay (01390),1.989,La Fouillade (12270)
2026-09-28T08:30:50.110858+00:00,npdc,gazole,428,2.3835,2.784,Étaples (62630),2.249,Haspres (59198)
2026-09-28T08:30:50.110858+00:00,npdc,e10,355,2.1441,2.449,Grande-Synthe (59760),1.99,Waziers (59119)
2026-09-28T09:00:53.552494+00:00,france,gazole,8380,2.4052,2.9,Paris (75007),2.19,Lannilis (29870)
2026-09-28T09:00:53.552494+00:00,france,e10,6655,2.1813,2.675,Mionnay (01390),1.989,La Fouillade (12270)
2026-09-28T09:00:53.552494+00:00,npdc,gazole,426,2.3838,2.784,Étaples (62630),2.249,Haspres (59198)
2026-09-28T09:00:53.552494+00:00,npdc,e10,352,2.1451,2.449,Grande-Synthe (59760),1.99,Waziers (59119)
2026-09-28T09:30:58.337393+00:00,france,gazole,8388,2.4049,2.9,Paris (75007),2.19,Lannilis (29870)
2026-09-28T09:30:58.337393+00:00,france,e10,6672,2.1816,2.675,Mionnay (01390),1.989,La Fouillade (12270)
2026-09-28T09:30:58.337393+00:00,npdc,gazole,429,2.3829,2.784,Étaples (62630),2.249,Haspres (59198)
2026-09-28T09:30:58.337393+00:00,npdc,e10,356,2.1441,2.449,Grande-Synthe (59760),1.99,Waziers (59119)
2026-09-28T10:00:51.901860+00:00,france,gazole,8396,2.4048,2.9,Paris (75007),2.19,Lannilis (29870)
2026-09-28T10:00:51.901860+00:00,france,e10,6682,2.1818,2.675,Mionnay (01390),1.259,Le Pontet (84130)
2026-09-28T10:00:51.901860+00:00,npdc,gazole,431,2.3825,2.784,Étaples (62630),2.249,Haspres (59198)
2026-09-28T10:00:51.901860+00:00,npdc,e10,358,2.1443,2.449,Grande-Synthe (59760),1.99,Waziers (59119)
2026-09-28T10:30:57.409112+00:00,france,gazole,8409,2.4045,2.9,Paris (75007),2.19,Lannilis (29870)
2026-09-28T10:30:57.409112+00:00,france,e10,6693,2.1816,2.675,Mionnay (01390),1.259,Le Pontet (84130)
2026-09-28T10:30:57.409112+00:00,npdc,gazole,430,2.383,2.784,Étaples (62630),2.249,Haspres (59198)
2026-09-28T10:30:57.409112+00:00,npdc,e10,358,2.1446,2.449,Grande-Synthe (59760),1.99,Waziers (59119)
2026-09-28T11:01:22.219836+00:00,france,gazole,8409,2.4045,2.9,Paris (75007),2.19,Lannilis (29870)
2026-09-28T11:01:22.219836+00:00,france,e10,6693,2.1816,2.675,Mionnay (01390),1.259,Le Pontet (84130)
2026-09-28T11:01:22.219836+00:00,npdc,gazole,430,2.383,2.784,Étaples (62630),2.249,Haspres (59198)
2026-09-28T11:01:22.219836+00:00,npdc,e10,358,2.1446,2.449,Grande-Synthe (59760),1.99,Waziers (59119)
2026-09-28T11:31:16.061384+00:00,france,gazole,8412,2.4044,2.9,Paris (75007),2.19,Lannilis (29870)
2026-09-28T11:31:16.061384+00:00,france,e10,6703,2.1815,2.675,Mionnay (01390),1.259,Le Pontet (84130)
2026-09-28T11:31:16.061384+00:00,npdc,gazole,429,2.3834,2.784,Étaples (62630),2.249,Haspres (59198)
2026-09-28T11:31:16.061384+00:00,npdc,e10,359,2.1445,2.449,Grande-Synthe (59760),1.99,Waziers (59119)
2026-09-28T12:01:12.226414+00:00,france,gazole,8424,2.4039,2.9,Paris (75007),2.19,Lannilis (29870)
2026-09-28T12:01:12.226414+00:00,france,e10,6712,2.1811,2.669,Verrières-en-Anjou (49480),1.259,Le Pontet (84130)
2026-09-28T12:01:12.226414+00:00,npdc,gazole,428,2.3836,2.714,Étaples (62630),2.249,Haspres (59198)
2026-09-28T12:01:12.226414+00:00,npdc,e10,356,2.1458,2.449,Grande-Synthe (59760),1.99,Waziers (59119)
2026-09-28T12:30:58.516960+00:00,france,gazole,8432,2.4037,2.9,Paris (75007),2.19,Lannilis (29870)
2026-09-28T12:30:58.516960+00:00,france,e10,6722,2.1809,2.669,Verrières-en-Anjou (49480),1.259,Le Pontet (84130)
2026-09-28T12:30:58.516960+00:00,npdc,gazole,429,2.3833,2.714,Étaples (62630),2.249,Haspres (59198)
2026-09-28T12:30:58.516960+00:00,npdc,e10,359,2.1447,2.449,Grande-Synthe (59760),1.99,Waziers (59119)
2026-09-28T13:00:31.035698+00:00,france,gazole,8440,2.4034,2.9,Paris (75007),2.19,Lannilis (29870)
2026-09-28T13:00:31.035698+00:00,france,e10,6724,2.1808,2.669,Verrières-en-Anjou (49480),1.259,Le Pontet (84130)
2026-09-28T13:00:31.035698+00:00,npdc,gazole,429,2.3832,2.714,Étaples (62630),2.249,Haspres (59198)
2026-09-28T13:00:31.035698+00:00,npdc,e10,359,2.1445,2.449,Grande-Synthe (59760),1.99,Waziers (59119)
2026-09-28T13:30:25.208127+00:00,france,gazole,8440,2.4034,2.9,Paris (75007),2.19,Lannilis (29870)
2026-09-28T13:30:25.208127+00:00,france,e10,6724,2.1808,2.669,Verrières-en-Anjou (49480),1.259,Le Pontet (84130)
2026-09-28T13:30:25.208127+00:00,npdc,gazole,429,2.3832,2.714,Étaples (62630),2.249,Haspres (59198)
2026-09-28T13:30:25.208127+00:00,npdc,e10,359,2.1445,2.449,Grande-Synthe (59760),1.99,Waziers (59119)
2026-09-28T14:00:26.386863+00:00,france,gazole,8433,2.4034,2.9,Paris (75007),2.19,Lannilis (29870)
2026-09-28T14:00:26.386863+00:00,france,e10,6726,2.1808,2.669,Verrières-en-Anjou (49480),1.259,Le Pontet (84130)
2026-09-28T14:00:26.386863+00:00,npdc,gazole,428,2.3836,2.714,Étaples (62630),2.249,Haspres (59198)
2026-09-28T14:00:26.386863+00:00,npdc,e10,359,2.1445,2.449,Grande-Synthe (59760),1.99,Waziers (59119)
2026-09-28T14:30:25.691407+00:00,france,gazole,8438,2.4034,2.9,Paris (75007),2.19,Lannilis (29870)
2026-09-28T14:30:25.691407+00:00,france,e10,6740,2.1805,2.669,Verrières-en-Anjou (49480),1.259,Le Pontet (84130)
2026-09-28T14:30:25.691407+00:00,npdc,gazole,428,2.3835,2.714,Étaples (62630),2.203,Caudry (59540)
2026-09-28T14:30:25.691407+00:00,npdc,e10,358,2.1453,2.449,Grande-Synthe (59760),1.99,Waziers (59119)
2026-09-28T15:00:25.702764+00:00,france,gazole,8443,2.4032,2.9,Paris (75007),2.19,Lannilis (29870)
2026-09-28T15:00:25.702764+00:00,france,e10,6750,2.1803,2.669,Verrières-en-Anjou (49480),1.259,Le Pontet (84130)
2026-09-28T15:00:25.702764+00:00,npdc,gazole,429,2.3831,2.714,Étaples (62630),2.203,Caudry (59540)
2026-09-28T15:00:25.702764+00:00,npdc,e10,360,2.1444,2.449,Grande-Synthe (59760),1.99,Waziers (59119)
2026-09-28T15:30:24.343592+00:00,france,gazole,8443,2.4032,2.9,Paris (75007),2.19,Lannilis (29870)
2026-09-28T15:30:24.343592+00:00,france,e10,6750,2.1803,2.669,Verrières-en-Anjou (49480),1.259,Le Pontet (84130)
2026-09-28T15:30:24.343592+00:00,npdc,gazole,429,2.3831,2.714,Étaples (62630),2.203,Caudry (59540)
2026-09-28T15:30:24.343592+00:00,npdc,e10,360,2.1444,2.449,Grande-Synthe (59760),1.99,Waziers (59119)
2026-09-28T16:00:18.784964+00:00,france,gazole,8437,2.4033,2.9,Paris (75007),2.19,Lannilis (29870)
2026-09-28T16:00:18.784964+00:00,france,e10,6749,2.1804,2.669,Verrières-en-Anjou (49480),1.259,Le Pontet (84130)
2026-09-28T16:00:18.784964+00:00,npdc,gazole,429,2.3831,2.714,Étaples (62630),2.203,Caudry (59540)
2026-09-28T16:00:18.784964+00:00,npdc,e10,360,2.1445,2.449,Grande-Synthe (59760),1.99,Waziers (59119)
2026-09-28T16:30:26.727815+00:00,france,gazole,8426,2.4035,2.9,Paris (75007),2.19,Lannilis (29870)
2026-09-28T16:30:26.727815+00:00,france,e10,6750,2.1804,2.669,Verrières-en-Anjou (49480),1.259,Le Pontet (84130)
2026-09-28T16:30:26.727815+00:00,npdc,gazole,429,2.3832,2.714,Étaples (62630),2.203,Caudry (59540)
2026-09-28T16:30:26.727815+00:00,npdc,e10,360,2.1446,2.449,Grande-Synthe (59760),1.99,Waziers (59119)
2026-09-28T16:46:45.436732+00:00,france,gazole,8416,2.4037,2.9,Paris (75007),2.19,Lannilis (29870)
2026-09-28T16:46:45.436732+00:00,france,e10,6746,2.1806,2.669,Verrières-en-Anjou (49480),1.259,Le Pontet (84130)
2026-09-28T16:46:45.436732+00:00,npdc,gazole,429,2.3832,2.714,Étaples (62630),2.203,Caudry (59540)
2026-09-28T16:46:45.436732+00:00,npdc,e10,360,2.1446,2.449,Grande-Synthe (59760),1.99,Waziers (59119)
2026-09-28T17:00:25.318330+00:00,france,gazole,8419,2.4036,2.9,Paris (75007),2.19,Lannilis (29870)
2026-09-28T17:00:25.318330+00:00,france,e10,6749,2.1806,2.669,Verrières-en-Anjou (49480),1.259,Le Pontet (84130)
2026-09-28T17:00:25.318330+00:00,npdc,gazole,427,2.3838,2.714,Étaples (62630),2.203,Caudry (59540)
2026-09-28T17:00:25.318330+00:00,npdc,e10,358,2.1455,2.449,Grande-Synthe (59760),1.99,Waziers (59119)
2026-09-28T17:30:26.105076+00:00,france,gazole,8420,2.4036,2.9,Paris (75007),2.19,Lannilis (29870)
2026-09-28T17:30:26.105076+00:00,france,e10,6750,2.1805,2.669,Verrières-en-Anjou (49480),1.259,Le Pontet (84130)
2026-09-28T17:30:26.105076+00:00,npdc,gazole,427,2.3838,2.714,Étaples (62630),2.203,Caudry (59540)
2026-09-28T17:30:26.105076+00:00,npdc,e10,358,2.1455,2.449,Grande-Synthe (59760),1.99,Waziers (59119)
2026-09-28T18:00:25.028721+00:00,france,gazole,8400,2.404,2.9,Paris (75007),2.19,Lannilis (29870)
2026-09-28T18:00:25.028721+00:00,france,e10,6734,2.1812,2.669,Verrières-en-Anjou (49480),1.259,Le Pontet (84130)
2026-09-28T18:00:25.028721+00:00,npdc,gazole,427,2.384,2.714,Étaples (62630),2.203,Caudry (59540)
2026-09-28T18:00:25.028721+00:00,npdc,e10,358,2.1457,2.449,Grande-Synthe (59760),1.99,Waziers (59119)
2026-09-28T18:30:25.847672+00:00,france,gazole,8380,2.4042,2.9,Paris (75007),2.19,Lannilis (29870)
2026-09-28T18:30:25.847672+00:00,france,e10,6725,2.1813,2.669,Verrières-en-Anjou (49480),1.259,Le Pontet (84130)
2026-09-28T18:30:25.847672+00:00,npdc,gazole,425,2.3844,2.714,Étaples (62630),2.203,Caudry (59540)
2026-09-28T18:30:25.847672+00:00,npdc,e10,358,2.1454,2.449,Grande-Synthe (59760),1.99,Waziers (59119)
2026-09-28T19:00:27.553483+00:00,france,gazole,8377,2.4042,2.9,Paris (75007),2.19,Lannilis (29870)
2026-09-28T19:00:27.553483+00:00,france,e10,6723,2.1814,2.669,Verrières-en-Anjou (49480),1.259,Le Pontet (84130)
2026-09-28T19:00:27.553483+00:00,npdc,gazole,426,2.3841,2.714,Étaples (62630),2.203,Caudry (59540)
2026-09-28T19:00:27.553483+00:00,npdc,e10,359,2.145,2.449,Grande-Synthe (59760),1.99,Waziers (59119)
2026-09-28T19:30:28.356489+00:00,france,gazole,8391,2.4041,2.9,Paris (75007),2.19,Lannilis (29870)
2026-09-28T19:30:28.356489+00:00,france,e10,6726,2.1814,2.669,Verrières-en-Anjou (49480),1.259,Le Pontet (84130)
2026-09-28T19:30:28.356489+00:00,npdc,gazole,427,2.384,2.714,Étaples (62630),2.203,Caudry (59540)
2026-09-28T19:30:28.356489+00:00,npdc,e10,358,2.1457,2.449,Grande-Synthe (59760),1.99,Waziers (59119)
2026-09-28T20:00:26.537987+00:00,france,gazole,8377,2.4042,2.9,Paris (75007),2.19,Lannilis (29870)
2026-09-28T20:00:26.537987+00:00,france,e10,6723,2.1814,2.669,Verrières-en-Anjou (49480),1.259,Le Pontet (84130)
2026-09-28T20:00:26.537987+00:00,npdc,gazole,426,2.3841,2.714,Étaples (62630),2.203,Caudry (59540)
2026-09-28T20:00:26.537987+00:00,npdc,e10,359,2.145,2.449,Grande-Synthe (59760),1.99,Waziers (59119)
2026-09-28T20:30:24.744730+00:00,france,gazole,8364,2.4044,2.9,Paris (75007),2.19,Lannilis (29870)
2026-09-28T20:30:24.744730+00:00,france,e10,6711,2.1817,2.669,Verrières-en-Anjou (49480),1.259,Le Pontet (84130)
2026-09-28T20:30:24.744730+00:00,npdc,gazole,421,2.3856,2.714,Étaples (62630),2.203,Caudry (59540)
2026-09-28T20:30:24.744730+00:00,npdc,e10,353,2.1476,2.449,Grande-Synthe (59760),1.99,La Sentinelle (59174)
2026-09-28T21:00:35.783824+00:00,france,gazole,8360,2.4045,2.9,Paris (75007),2.19,Lannilis (29870)
2026-09-28T21:00:35.783824+00:00,france,e10,6705,2.1819,2.669,Verrières-en-Anjou (49480),1.259,Le Pontet (84130)
2026-09-28T21:00:35.783824+00:00,npdc,gazole,421,2.3856,2.714,Étaples (62630),2.203,Caudry (59540)
2026-09-28T21:00:35.783824+00:00,npdc,e10,353,2.1476,2.449,Grande-Synthe (59760),1.99,La Sentinelle (59174)
2026-09-28T21:30:24.084773+00:00,france,gazole,8370,2.4043,2.9,Paris (75007),2.19,Lannilis (29870)
2026-09-28T21:30:24.084773+00:00,france,e10,6715,2.1816,2.669,Verrières-en-Anjou (49480),1.259,Le Pontet (84130)
2026-09-28T21:30:24.084773+00:00,npdc,gazole,423,2.385,2.714,Étaples (62630),2.203,Caudry (59540)
2026-09-28T21:30:24.084773+00:00,npdc,e10,355,2.1467,2.449,Grande-Synthe (59760),1.99,La Sentinelle (59174)
2026-09-28T22:00:26.523340+00:00,france,gazole,8358,2.4045,2.9,Paris (75007),2.19,Lannilis (29870)
2026-09-28T22:00:26.523340+00:00,france,e10,6703,2.182,2.669,Verrières-en-Anjou (49480),1.259,Le Pontet (84130)
2026-09-28T22:00:26.523340+00:00,npdc,gazole,421,2.3856,2.714,Étaples (62630),2.203,Caudry (59540)
2026-09-28T22:00:26.523340+00:00,npdc,e10,353,2.1476,2.449,Grande-Synthe (59760),1.99,La Sentinelle (59174)
2026-09-28T22:30:25.916505+00:00,france,gazole,8357,2.4045,2.9,Paris (75007),2.19,Lannilis (29870)
2026-09-28T22:30:25.916505+00:00,france,e10,6702,2.182,2.669,Verrières-en-Anjou (49480),1.259,Le Pontet (84130)
2026-09-28T22:30:25.916505+00:00,npdc,gazole,421,2.3856,2.714,Étaples (62630),2.203,Caudry (59540)
2026-09-28T22:30:25.916505+00:00,npdc,e10,353,2.1476,2.449,Grande-Synthe (59760),1.99,La Sentinelle (59174)
2026-09-28T23:00:24.395147+00:00,france,gazole,8357,2.4045,2.9,Paris (75007),2.19,Lannilis (29870)
2026-09-28T23:00:24.395147+00:00,france,e10,6702,2.182,2.669,Verrières-en-Anjou (49480),1.259,Le Pontet (84130)
2026-09-28T23:00:24.395147+00:00,npdc,gazole,421,2.3856,2.714,Étaples (62630),2.203,Caudry (59540)
2026-09-28T23:00:24.395147+00:00,npdc,e10,353,2.1476,2.449,Grande-Synthe (59760),1.99,La Sentinelle (59174)
2026-09-28T23:30:25.760629+00:00,france,gazole,8357,2.4045,2.9,Paris (75007),2.19,Lannilis (29870)
2026-09-28T23:30:25.760629+00:00,france,e10,6702,2.182,2.669,Verrières-en-Anjou (49480),1.259,Le Pontet (84130)
2026-09-28T23:30:25.760629+00:00,npdc,gazole,421,2.3856,2.714,Étaples (62630),2.203,Caudry (59540)
2026-09-28T23:30:25.760629+00:00,npdc,e10,353,2.1476,2.449,Grande-Synthe (59760),1.99,La Sentinelle (59174)
2026-09-29T00:00:24.127937+00:00,france,gazole,8475,2.4023,2.9,Paris (75007),2.19,Lannilis (29870)
2026-09-29T00:00:24.127937+00:00,france,e10,6850,2.1779,2.669,Verrières-en-Anjou (49480),1.259,Le Pontet (84130)
2026-09-29T00:00:24.127937+00:00,npdc,gazole,430,2.3828,2.714,Étaples (62630),2.203,Caudry (59540)
2026-09-29T00:00:24.127937+00:00,npdc,e10,365,2.1424,2.449,Grande-Synthe (59760),1.99,La Sentinelle (59174)
2026-09-29T00:23:09.190493+00:00,france,gazole,8475,2.4023,2.9,Paris (75007),2.19,Lannilis (29870)
2026-09-29T00:23:09.190493+00:00,france,e10,6849,2.1779,2.669,Verrières-en-Anjou (49480),1.259,Le Pontet (84130)
2026-09-29T00:23:09.190493+00:00,npdc,gazole,430,2.3827,2.714,Étaples (62630),2.203,Caudry (59540)
2026-09-29T00:23:09.190493+00:00,npdc,e10,365,2.1426,2.449,Grande-Synthe (59760),1.99,La Sentinelle (59174)
2026-09-29T00:30:23.499687+00:00,france,gazole,8475,2.4024,2.9,Paris (75007),2.19,Lannilis (29870)
2026-09-29T00:30:23.499687+00:00,france,e10,6849,2.1779,2.669,Verrières-en-Anjou (49480),1.259,Le Pontet (84130)
2026-09-29T00:30:23.499687+00:00,npdc,gazole,430,2.3827,2.714,Étaples (62630),2.203,Caudry (59540)
2026-09-29T00:30:23.499687+00:00,npdc,e10,365,2.1426,2.449,Grande-Synthe (59760),1.99,La Sentinelle (59174)
2026-09-29T01:00:25.616552+00:00,france,gazole,8475,2.4023,2.9,Paris (75007),2.19,Lannilis (29870)
2026-09-29T01:00:25.616552+00:00,france,e10,6849,2.1779,2.669,Verrières-en-Anjou (49480),1.259,Le Pontet (84130)
2026-09-29T01:00:25.616552+00:00,npdc,gazole,430,2.3827,2.714,Étaples (62630),2.203,Caudry (59540)
2026-09-29T01:00:25.616552+00:00,npdc,e10,365,2.1426,2.449,Grande-Synthe (59760),1.99,La Sentinelle (59174)
2026-09-29T01:30:24.583064+00:00,france,gazole,8475,2.4023,2.9,Paris (75007),2.19,Lannilis (29870)
2026-09-29T01:30:24.583064+00:00,france,e10,6849,2.1779,2.669,Verrières-en-Anjou (49480),1.259,Le Pontet (84130)
2026-09-29T01:30:24.583064+00:00,npdc,gazole,430,2.3827,2.714,Étaples (62630),2.203,Caudry (59540)
2026-09-29T01:30:24.583064+00:00,npdc,e10,365,2.1426,2.449,Grande-Synthe (59760),1.99,La Sentinelle (59174)
2026-09-29T02:00:26.789017+00:00,france,gazole,8475,2.4023,2.9,Paris (75007),2.19,Lannilis (29870)
2026-09-29T02:00:26.789017+00:00,france,e10,6849,2.1779,2.669,Verrières-en-Anjou (49480),1.259,Le Pontet (84130)
2026-09-29T02:00:26.789017+00:00,npdc,gazole,430,2.3827,2.714,Étaples (62630),2.203,Caudry (59540)
2026-09-29T02:00:26.789017+00:00,npdc,e10,365,2.1426,2.449,Grande-Synthe (59760),1.99,La Sentinelle (59174)
2026-09-29T02:30:24.347627+00:00,france,gazole,8475,2.4023,2.9,Paris (75007),2.19,Lannilis (29870)
2026-09-29T02:30:24.347627+00:00,france,e10,6849,2.1779,2.669,Verrières-en-Anjou (49480),1.259,Le Pontet (84130)
2026-09-29T02:30:24.347627+00:00,npdc,gazole,430,2.3827,2.714,Étaples (62630),2.203,Caudry (59540)
2026-09-29T02:30:24.347627+00:00,npdc,e10,365,2.1426,2.449,Grande-Synthe (59760),1.99,La Sentinelle (59174)
2026-09-29T03:00:24.571235+00:00,france,gazole,8475,2.4023,2.9,Paris (75007),2.19,Lannilis (29870)
2026-09-29T03:00:24.571235+00:00,france,e10,6849,2.1779,2.669,Verrières-en-Anjou (49480),1.259,Le Pontet (84130)
2026-09-29T03:00:24.571235+00:00,npdc,gazole,430,2.3827,2.714,Étaples (62630),2.203,Caudry (59540)
2026-09-29T03:00:24.571235+00:00,npdc,e10,365,2.1426,2.449,Grande-Synthe (59760),1.99,La Sentinelle (59174)
2026-09-29T03:30:27.831699+00:00,france,gazole,8475,2.4023,2.9,Paris (75007),2.19,Lannilis (29870)
2026-09-29T03:30:27.831699+00:00,france,e10,6849,2.1779,2.669,Verrières-en-Anjou (49480),1.259,Le Pontet (84130)
2026-09-29T03:30:27.831699+00:00,npdc,gazole,430,2.3827,2.714,Étaples (62630),2.203,Caudry (59540)
2026-09-29T03:30:27.831699+00:00,npdc,e10,365,2.1426,2.449,Grande-Synthe (59760),1.99,La Sentinelle (59174)
2026-09-29T04:00:26.097753+00:00,france,gazole,8474,2.4024,2.9,Paris (75007),2.19,Lannilis (29870)
2026-09-29T04:00:26.097753+00:00,france,e10,6849,2.1779,2.669,Verrières-en-Anjou (49480),1.259,Le Pontet (84130)
2026-09-29T04:00:26.097753+00:00,npdc,gazole,430,2.3827,2.714,Étaples (62630),2.203,Caudry (59540)
2026-09-29T04:00:26.097753+00:00,npdc,e10,365,2.1426,2.449,Grande-Synthe (59760),1.99,La Sentinelle (59174)
2026-09-29T04:30:23.818365+00:00,france,gazole,8476,2.4023,2.9,Paris (75007),2.19,Lannilis (29870)
2026-09-29T04:30:23.818365+00:00,france,e10,6848,2.178,2.669,Verrières-en-Anjou (49480),1.259,Le Pontet (84130)
2026-09-29T04:30:23.818365+00:00,npdc,gazole,430,2.3827,2.714,Étaples (62630),2.203,Caudry (59540)
2026-09-29T04:30:23.818365+00:00,npdc,e10,365,2.1426,2.449,Grande-Synthe (59760),1.99,La Sentinelle (59174)
2026-09-29T05:00:24.185667+00:00,france,gazole,8474,2.4024,2.9,Paris (75007),2.19,Lannilis (29870)
2026-09-29T05:00:24.185667+00:00,france,e10,6848,2.178,2.669,Verrières-en-Anjou (49480),1.259,Le Pontet (84130)
2026-09-29T05:00:24.185667+00:00,npdc,gazole,430,2.3827,2.714,Étaples (62630),2.203,Caudry (59540)
2026-09-29T05:00:24.185667+00:00,npdc,e10,365,2.1426,2.449,Grande-Synthe (59760),1.99,La Sentinelle (59174)
2026-09-29T05:30:24.717745+00:00,france,gazole,8486,2.4021,2.9,Paris (75007),2.19,Lannilis (29870)
2026-09-29T05:30:24.717745+00:00,france,e10,6857,2.1777,2.669,Verrières-en-Anjou (49480),1.259,Le Pontet (84130)
2026-09-29T05:30:24.717745+00:00,npdc,gazole,431,2.3824,2.714,Étaples (62630),2.203,Caudry (59540)
2026-09-29T05:30:24.717745+00:00,npdc,e10,366,2.1422,2.449,Grande-Synthe (59760),1.99,Waziers (59119)
2026-09-29T06:00:24.828369+00:00,france,gazole,8505,2.4016,2.9,Paris (75007),2.19,Lannilis (29870)
2026-09-29T06:00:24.828369+00:00,france,e10,6872,2.1774,2.669,Verrières-en-Anjou (49480),1.259,Le Pontet (84130)
2026-09-29T06:00:24.828369+00:00,npdc,gazole,432,2.3817,2.714,Étaples (62630),2.203,Caudry (59540)
2026-09-29T06:00:24.828369+00:00,npdc,e10,367,2.1418,2.449,Grande-Synthe (59760),1.99,Waziers (59119)
2026-09-29T06:30:24.905174+00:00,france,gazole,8492,2.4019,2.9,Paris (75007),2.19,Lannilis (29870)
2026-09-29T06:30:24.905174+00:00,france,e10,6860,2.1776,2.669,Verrières-en-Anjou (49480),1.259,Le Pontet (84130)
2026-09-29T06:30:24.905174+00:00,npdc,gazole,432,2.3821,2.714,Étaples (62630),2.203,Caudry (59540)
2026-09-29T06:30:24.905174+00:00,npdc,e10,367,2.1418,2.449,Grande-Synthe (59760),1.99,Waziers (59119)
2026-09-29T07:00:25.437587+00:00,france,gazole,8516,2.4012,2.9,Paris (75007),2.19,Lannilis (29870)
2026-09-29T07:00:25.437587+00:00,france,e10,6886,2.1769,2.669,Verrières-en-Anjou (49480),1.259,Le Pontet (84130)
2026-09-29T07:00:25.437587+00:00,npdc,gazole,434,2.3811,2.714,Étaples (62630),2.203,Caudry (59540)
2026-09-29T07:00:25.437587+00:00,npdc,e10,368,2.1413,2.449,Grande-Synthe (59760),1.99,Waziers (59119)
2026-09-29T07:30:31.176805+00:00,france,gazole,8579,2.4001,2.9,Paris (75007),2.19,Lannilis (29870)
2026-09-29T07:30:31.176805+00:00,france,e10,6932,2.1759,2.669,Verrières-en-Anjou (49480),1.259,Le Pontet (84130)
2026-09-29T07:30:31.176805+00:00,npdc,gazole,438,2.3805,2.714,Étaples (62630),2.203,Caudry (59540)
2026-09-29T07:30:31.176805+00:00,npdc,e10,372,2.1407,2.449,Grande-Synthe (59760),1.99,Waziers (59119)
2026-09-29T08:00:27.037236+00:00,france,gazole,8592,2.3996,2.9,Paris (75007),2.19,Lannilis (29870)
2026-09-29T08:00:27.037236+00:00,france,e10,6935,2.176,2.669,Verrières-en-Anjou (49480),1.259,Le Pontet (84130)
2026-09-29T08:00:27.037236+00:00,npdc,gazole,438,2.3805,2.714,Étaples (62630),2.203,Caudry (59540)
2026-09-29T08:00:27.037236+00:00,npdc,e10,368,2.142,2.449,Grande-Synthe (59760),1.99,La Sentinelle (59174)
2026-09-29T08:30:25.931908+00:00,france,gazole,8608,2.3988,2.9,Paris (75007),2.19,Lannilis (29870)
2026-09-29T08:30:25.931908+00:00,france,e10,6943,2.1757,2.669,Verrières-en-Anjou (49480),1.259,Le Pontet (84130)
2026-09-29T08:30:25.931908+00:00,npdc,gazole,437,2.3804,2.704,Étaples (62630),2.203,Caudry (59540)
2026-09-29T08:30:25.931908+00:00,npdc,e10,368,2.1421,2.449,Grande-Synthe (59760),1.99,La Sentinelle (59174)
2026-09-29T09:00:27.319613+00:00,france,gazole,8627,2.3981,2.9,Paris (75007),1.379,Marseille (13011)
2026-09-29T09:00:27.319613+00:00,france,e10,6954,2.1755,2.669,Verrières-en-Anjou (49480),1.259,Le Pontet (84130)
2026-09-29T09:00:27.319613+00:00,npdc,gazole,441,2.379,2.704,Étaples (62630),2.203,Caudry (59540)
2026-09-29T09:00:27.319613+00:00,npdc,e10,371,2.141,2.449,Grande-Synthe (59760),1.99,La Sentinelle (59174)
2026-09-29T09:00:57.447360+00:00,france,gazole,8627,2.3981,2.9,Paris (75007),1.379,Marseille (13011)
2026-09-29T09:00:57.447360+00:00,france,e10,6954,2.1755,2.669,Verrières-en-Anjou (49480),1.259,Le Pontet (84130)
2026-09-29T09:00:57.447360+00:00,npdc,gazole,441,2.379,2.704,Étaples (62630),2.203,Caudry (59540)
2026-09-29T09:00:57.447360+00:00,npdc,e10,371,2.141,2.449,Grande-Synthe (59760),1.99,La Sentinelle (59174)
2026-09-29T09:31:02.083231+00:00,france,gazole,8614,2.3986,2.9,Paris (75007),2.19,Lannilis (29870)
2026-09-29T09:31:02.083231+00:00,france,e10,6947,2.1756,2.669,Verrières-en-Anjou (49480),1.259,Le Pontet (84130)
2026-09-29T09:31:02.083231+00:00,npdc,gazole,440,2.3794,2.704,Étaples (62630),2.203,Caudry (59540)
2026-09-29T09:31:02.083231+00:00,npdc,e10,371,2.141,2.449,Grande-Synthe (59760),1.99,La Sentinelle (59174)
2026-09-29T10:01:13.658957+00:00,france,gazole,8633,2.398,2.9,Paris (75007),1.379,Marseille (13011)
2026-09-29T10:01:13.658957+00:00,france,e10,6957,2.1758,2.669,Verrières-en-Anjou (49480),1.98,Limogne-en-Quercy (46260)
2026-09-29T10:01:13.658957+00:00,npdc,gazole,441,2.3791,2.704,Étaples (62630),2.203,Caudry (59540)
2026-09-29T10:01:13.658957+00:00,npdc,e10,372,2.1405,2.449,Grande-Synthe (59760),1.99,La Sentinelle (59174)
2026-09-29T10:31:09.750195+00:00,france,gazole,8627,2.3981,2.9,Paris (75007),1.379,Marseille (13011)
2026-09-29T10:31:09.750195+00:00,france,e10,6954,2.1755,2.669,Verrières-en-Anjou (49480),1.259,Le Pontet (84130)
2026-09-29T10:31:09.750195+00:00,npdc,gazole,441,2.379,2.704,Étaples (62630),2.203,Caudry (59540)
2026-09-29T10:31:09.750195+00:00,npdc,e10,371,2.141,2.449,Grande-Synthe (59760),1.99,La Sentinelle (59174)
2026-09-29T10:43:02.398458+00:00,france,gazole,8628,2.3979,2.9,Paris (75007),1.379,Marseille (13011)
2026-09-29T10:43:02.398458+00:00,france,e10,6949,2.1759,2.669,Verrières-en-Anjou (49480),1.98,Limogne-en-Quercy (46260)
2026-09-29T10:43:02.398458+00:00,npdc,gazole,441,2.3794,2.704,Étaples (62630),2.203,Caudry (59540)
2026-09-29T10:43:02.398458+00:00,npdc,e10,372,2.1405,2.449,Grande-Synthe (59760),1.99,La Sentinelle (59174)
2026-09-29T11:01:06.226437+00:00,france,gazole,8629,2.3977,2.9,Paris (75007),1.379,Marseille (13011)
2026-09-29T11:01:06.226437+00:00,france,e10,6950,2.1759,2.669,Verrières-en-Anjou (49480),1.98,Limogne-en-Quercy (46260)
2026-09-29T11:01:06.226437+00:00,npdc,gazole,442,2.379,2.704,Étaples (62630),2.203,Caudry (59540)
2026-09-29T11:01:06.226437+00:00,npdc,e10,374,2.1397,2.449,Grande-Synthe (59760),1.99,La Sentinelle (59174)
2026-09-29T11:31:03.735959+00:00,france,gazole,8631,2.3977,2.9,Paris (75007),1.379,Marseille (13011)
2026-09-29T11:31:03.735959+00:00,france,e10,6951,2.1759,2.669,Verrières-en-Anjou (49480),1.98,Limogne-en-Quercy (46260)
2026-09-29T11:31:03.735959+00:00,npdc,gazole,442,2.379,2.704,Étaples (62630),2.203,Caudry (59540)
2026-09-29T11:31:03.735959+00:00,npdc,e10,374,2.1397,2.449,Grande-Synthe (59760),1.99,La Sentinelle (59174)
2026-09-29T12:01:19.562596+00:00,france,gazole,8641,2.3975,2.9,Paris (75007),1.374,Millau (12100)
2026-09-29T12:01:19.562596+00:00,france,e10,6960,2.1757,2.669,Verrières-en-Anjou (49480),1.98,Limogne-en-Quercy (46260)
2026-09-29T12:01:19.562596+00:00,npdc,gazole,442,2.3789,2.704,Étaples (62630),2.203,Caudry (59540)
2026-09-29T12:01:19.562596+00:00,npdc,e10,373,2.14,2.449,Grande-Synthe (59760),1.99,La Sentinelle (59174)
2026-09-29T12:30:59.784583+00:00,france,gazole,8639,2.3976,2.9,Paris (75007),2.19,Lannilis (29870)
2026-09-29T12:30:59.784583+00:00,france,e10,6954,2.1758,2.669,Verrières-en-Anjou (49480),1.98,Limogne-en-Quercy (46260)
2026-09-29T12:30:59.784583+00:00,npdc,gazole,440,2.3794,2.704,Étaples (62630),2.203,Caudry (59540)
2026-09-29T12:30:59.784583+00:00,npdc,e10,370,2.1411,2.449,Grande-Synthe (59760),1.99,La Sentinelle (59174)
2026-09-29T13:01:12.819285+00:00,france,gazole,8648,2.3973,2.9,Paris (75007),2.19,Lannilis (29870)
2026-09-29T13:01:12.819285+00:00,france,e10,6954,2.1757,2.669,Verrières-en-Anjou (49480),1.98,Limogne-en-Quercy (46260)
2026-09-29T13:01:12.819285+00:00,npdc,gazole,440,2.3793,2.704,Étaples (62630),2.203,Caudry (59540)
2026-09-29T13:01:12.819285+00:00,npdc,e10,372,2.1401,2.449,Grande-Synthe (59760),1.99,Waziers (59119)
2026-09-29T13:31:19.121566+00:00,france,gazole,8665,2.3967,2.9,Paris (75007),2.19,Lannilis (29870)
2026-09-29T13:31:19.121566+00:00,france,e10,6969,2.1752,2.649,Verrières-en-Anjou (49480),1.98,Limogne-en-Quercy (46260)
2026-09-29T13:31:19.121566+00:00,npdc,gazole,443,2.3781,2.704,Étaples (62630),2.203,Caudry (59540)
2026-09-29T13:31:19.121566+00:00,npdc,e10,372,2.1402,2.439,Havrincourt (62147),1.99,Waziers (59119)
2026-09-29T14:01:19.848470+00:00,france,gazole,8674,2.3966,2.9,Paris (75007),2.19,Lannilis (29870)
2026-09-29T14:01:19.848470+00:00,france,e10,6970,2.1752,2.649,Verrières-en-Anjou (49480),1.98,Limogne-en-Quercy (46260)
2026-09-29T14:01:19.848470+00:00,npdc,gazole,442,2.3785,2.704,Étaples (62630),2.249,Haspres (59198)
2026-09-29T14:01:19.848470+00:00,npdc,e10,372,2.1403,2.439,Havrincourt (62147),1.99,Waziers (59119)
2026-09-29T14:22:10.672175+00:00,france,gazole,8654,2.3972,2.9,Paris (75007),2.19,Lannilis (29870)
2026-09-29T14:22:10.672175+00:00,france,e10,6961,2.1756,2.669,Verrières-en-Anjou (49480),1.98,Limogne-en-Quercy (46260)
2026-09-29T14:22:10.672175+00:00,npdc,gazole,441,2.379,2.704,Étaples (62630),2.203,Caudry (59540)
2026-09-29T14:22:10.672175+00:00,npdc,e10,372,2.1401,2.449,Grande-Synthe (59760),1.99,Waziers (59119)
2026-09-29T14:31:17.656882+00:00,france,gazole,8674,2.3966,2.9,Paris (75007),2.19,Lannilis (29870)
2026-09-29T14:31:17.656882+00:00,france,e10,6970,2.1752,2.649,Verrières-en-Anjou (49480),1.98,Limogne-en-Quercy (46260)
2026-09-29T14:31:17.656882+00:00,npdc,gazole,442,2.3785,2.704,Étaples (62630),2.249,Haspres (59198)
2026-09-29T14:31:17.656882+00:00,npdc,e10,372,2.1403,2.439,Havrincourt (62147),1.99,Waziers (59119)
2026-09-29T15:01:20.306897+00:00,france,gazole,8669,2.3966,2.9,Paris (75007),2.19,Lannilis (29870)
2026-09-29T15:01:20.306897+00:00,france,e10,6968,2.1753,2.649,Verrières-en-Anjou (49480),1.98,Limogne-en-Quercy (46260)
2026-09-29T15:01:20.306897+00:00,npdc,gazole,443,2.3781,2.704,Étaples (62630),2.249,Haspres (59198)
2026-09-29T15:01:20.306897+00:00,npdc,e10,372,2.1402,2.439,Havrincourt (62147),1.99,Waziers (59119)
2026-09-29T15:31:07.066748+00:00,france,gazole,8669,2.3966,2.9,Paris (75007),2.19,Lannilis (29870)
2026-09-29T15:31:07.066748+00:00,france,e10,6968,2.1753,2.649,Verrières-en-Anjou (49480),1.98,Limogne-en-Quercy (46260)
2026-09-29T15:31:07.066748+00:00,npdc,gazole,443,2.3781,2.704,Étaples (62630),2.249,Haspres (59198)
2026-09-29T15:31:07.066748+00:00,npdc,e10,372,2.1402,2.439,Havrincourt (62147),1.99,Waziers (59119)
2026-09-29T16:01:01.812955+00:00,france,gazole,8666,2.3966,2.9,Paris (75007),2.19,Lannilis (29870)
2026-09-29T16:01:01.812955+00:00,france,e10,6973,2.1751,2.649,Verrières-en-Anjou (49480),1.98,Limogne-en-Quercy (46260)
2026-09-29T16:01:01.812955+00:00,npdc,gazole,444,2.3778,2.704,Étaples (62630),2.249,Haspres (59198)
2026-09-29T16:01:01.812955+00:00,npdc,e10,372,2.1403,2.439,Havrincourt (62147),1.99,Waziers (59119)
2026-09-29T16:31:08.511911+00:00,france,gazole,8668,2.3966,2.9,Paris (75007),2.19,Lannilis (29870)
2026-09-29T16:31:08.511911+00:00,france,e10,6971,2.1752,2.649,Verrières-en-Anjou (49480),1.98,Limogne-en-Quercy (46260)
2026-09-29T16:31:08.511911+00:00,npdc,gazole,444,2.3778,2.704,Étaples (62630),2.249,Haspres (59198)
2026-09-29T16:31:08.511911+00:00,npdc,e10,372,2.1402,2.439,Havrincourt (62147),1.99,Waziers (59119)
2026-09-29T17:01:05.002935+00:00,france,gazole,8662,2.3966,2.9,Paris (75007),2.19,Lannilis (29870)
2026-09-29T17:01:05.002935+00:00,france,e10,6969,2.1752,2.649,Verrières-en-Anjou (49480),1.98,Limogne-en-Quercy (46260)
2026-09-29T17:01:05.002935+00:00,npdc,gazole,443,2.3781,2.704,Étaples (62630),2.249,Haspres (59198)
2026-09-29T17:01:05.002935+00:00,npdc,e10,372,2.1403,2.439,Havrincourt (62147),1.99,Waziers (59119)
2026-09-29T17:31:10.687327+00:00,france,gazole,8645,2.3968,2.9,Paris (75007),2.19,Lannilis (29870)
2026-09-29T17:31:10.687327+00:00,france,e10,6959,2.1754,2.649,Verrières-en-Anjou (49480),1.98,Limogne-en-Quercy (46260)
2026-09-29T17:31:10.687327+00:00,npdc,gazole,441,2.3787,2.704,Étaples (62630),2.249,Haspres (59198)
2026-09-29T17:31:10.687327+00:00,npdc,e10,371,2.1407,2.439,Havrincourt (62147),1.99,Waziers (59119)
2026-09-29T18:01:26.727594+00:00,france,gazole,8634,2.397,2.9,Paris (75007),2.19,Lannilis (29870)
2026-09-29T18:01:26.727594+00:00,france,e10,6957,2.1755,2.649,Verrières-en-Anjou (49480),1.98,Limogne-en-Quercy (46260)
2026-09-29T18:01:26.727594+00:00,npdc,gazole,440,2.3789,2.704,Étaples (62630),2.249,Haspres (59198)
2026-09-29T18:01:26.727594+00:00,npdc,e10,371,2.1407,2.439,Havrincourt (62147),1.99,Waziers (59119)
2026-09-29T18:06:09.247836+00:00,france,gazole,8612,2.3973,2.9,Paris (75007),2.19,Lannilis (29870)
2026-09-29T18:06:09.247836+00:00,france,e10,6935,2.176,2.649,Verrières-en-Anjou (49480),1.98,Limogne-en-Quercy (46260)
2026-09-29T18:06:09.247836+00:00,npdc,gazole,439,2.3792,2.704,Étaples (62630),2.249,Haspres (59198)
2026-09-29T18:06:09.247836+00:00,npdc,e10,369,2.1415,2.439,Havrincourt (62147),1.99,La Sentinelle (59174)
2026-09-29T18:31:10.066404+00:00,france,gazole,8612,2.3973,2.9,Paris (75007),2.19,Lannilis (29870)
2026-09-29T18:31:10.066404+00:00,france,e10,6934,2.176,2.649,Verrières-en-Anjou (49480),1.98,Limogne-en-Quercy (46260)
2026-09-29T18:31:10.066404+00:00,npdc,gazole,439,2.3792,2.704,Étaples (62630),2.249,Haspres (59198)
2026-09-29T18:31:10.066404+00:00,npdc,e10,369,2.1415,2.439,Havrincourt (62147),1.99,La Sentinelle (59174)
2026-09-29T19:01:04.999021+00:00,france,gazole,8655,2.3967,2.9,Paris (75007),2.19,Lannilis (29870)
2026-09-29T19:01:04.999021+00:00,france,e10,6963,2.1753,2.649,Verrières-en-Anjou (49480),1.98,Limogne-en-Quercy (46260)
2026-09-29T19:01:04.999021+00:00,npdc,gazole,441,2.3787,2.704,Étaples (62630),2.249,Haspres (59198)
2026-09-29T19:01:04.999021+00:00,npdc,e10,372,2.1403,2.439,Havrincourt (62147),1.99,Waziers (59119)
2026-09-29T19:31:06.507571+00:00,france,gazole,8594,2.3975,2.9,Paris (75007),2.19,Lannilis (29870)
2026-09-29T19:31:06.507571+00:00,france,e10,6922,2.1762,2.649,Verrières-en-Anjou (49480),1.98,Limogne-en-Quercy (46260)
2026-09-29T19:31:06.507571+00:00,npdc,gazole,438,2.3793,2.704,Étaples (62630),2.249,Haspres (59198)
2026-09-29T19:31:06.507571+00:00,npdc,e10,368,2.1416,2.439,Havrincourt (62147),1.99,La Sentinelle (59174)
2026-09-29T20:01:18.325671+00:00,france,gazole,8606,2.3974,2.9,Paris (75007),2.19,Lannilis (29870)
2026-09-29T20:01:18.325671+00:00,france,e10,6926,2.1762,2.649,Verrières-en-Anjou (49480),1.98,Limogne-en-Quercy (46260)
2026-09-29T20:01:18.325671+00:00,npdc,gazole,439,2.3792,2.704,Étaples (62630),2.249,Haspres (59198)
2026-09-29T20:01:18.325671+00:00,npdc,e10,369,2.1415,2.439,Havrincourt (62147),1.99,La Sentinelle (59174)
2026-09-29T20:30:57.810760+00:00,france,gazole,8578,2.3977,2.9,Paris (75007),2.19,Lannilis (29870)
2026-09-29T20:30:57.810760+00:00,france,e10,6911,2.1765,2.649,Verrières-en-Anjou (49480),1.98,Limogne-en-Quercy (46260)
2026-09-29T20:30:57.810760+00:00,npdc,gazole,433,2.3808,2.704,Étaples (62630),2.249,Haspres (59198)
2026-09-29T20:30:57.810760+00:00,npdc,e10,365,2.1429,2.439,Havrincourt (62147),1.99,La Sentinelle (59174)
2026-09-29T21:01:08.498306+00:00,france,gazole,8587,2.3976,2.9,Paris (75007),2.19,Lannilis (29870)
2026-09-29T21:01:08.498306+00:00,france,e10,6919,2.1762,2.649,Verrières-en-Anjou (49480),1.98,Limogne-en-Quercy (46260)
2026-09-29T21:01:08.498306+00:00,npdc,gazole,435,2.3802,2.704,Étaples (62630),2.249,Haspres (59198)
2026-09-29T21:01:08.498306+00:00,npdc,e10,366,2.1425,2.439,Havrincourt (62147),1.99,La Sentinelle (59174)
2026-09-29T21:31:07.594462+00:00,france,gazole,8574,2.3978,2.9,Paris (75007),2.19,Lannilis (29870)
2026-09-29T21:31:07.594462+00:00,france,e10,6906,2.1766,2.649,Verrières-en-Anjou (49480),1.98,Limogne-en-Quercy (46260)
2026-09-29T21:31:07.594462+00:00,npdc,gazole,433,2.3808,2.704,Étaples (62630),2.249,Haspres (59198)
2026-09-29T21:31:07.594462+00:00,npdc,e10,365,2.1429,2.439,Havrincourt (62147),1.99,La Sentinelle (59174)
2026-09-29T22:01:18.214293+00:00,france,gazole,8574,2.3978,2.9,Paris (75007),2.19,Lannilis (29870)
2026-09-29T22:01:18.214293+00:00,france,e10,6906,2.1766,2.649,Verrières-en-Anjou (49480),1.98,Limogne-en-Quercy (46260)
2026-09-29T22:01:18.214293+00:00,npdc,gazole,433,2.3808,2.704,Étaples (62630),2.249,Haspres (59198)
2026-09-29T22:01:18.214293+00:00,npdc,e10,365,2.1429,2.439,Havrincourt (62147),1.99,La Sentinelle (59174)
2026-09-29T22:30:59.008288+00:00,france,gazole,8574,2.3977,2.9,Paris (75007),2.19,Lannilis (29870)
2026-09-29T22:30:59.008288+00:00,france,e10,6905,2.1765,2.649,Verrières-en-Anjou (49480),1.98,Limogne-en-Quercy (46260)
2026-09-29T22:30:59.008288+00:00,npdc,gazole,433,2.3808,2.704,Étaples (62630),2.249,Haspres (59198)
2026-09-29T22:30:59.008288+00:00,npdc,e10,365,2.1429,2.439,Havrincourt (62147),1.99,La Sentinelle (59174)
2026-09-29T23:01:03.828571+00:00,france,gazole,8666,2.3961,2.9,Paris (75007),2.19,Lannilis (29870)
2026-09-29T23:01:03.828571+00:00,france,e10,7019,2.1734,2.649,Verrières-en-Anjou (49480),1.98,Limogne-en-Quercy (46260)
2026-09-29T23:01:03.828571+00:00,npdc,gazole,440,2.3787,2.704,Étaples (62630),2.249,Haspres (59198)
2026-09-29T23:01:03.828571+00:00,npdc,e10,376,2.1384,2.439,Havrincourt (62147),1.99,La Sentinelle (59174)
2026-09-29T23:30:58.714914+00:00,france,gazole,8666,2.3961,2.9,Paris (75007),2.19,Lannilis (29870)
2026-09-29T23:30:58.714914+00:00,france,e10,7019,2.1734,2.649,Verrières-en-Anjou (49480),1.98,Limogne-en-Quercy (46260)
2026-09-29T23:30:58.714914+00:00,npdc,gazole,440,2.3787,2.704,Étaples (62630),2.249,Haspres (59198)
2026-09-29T23:30:58.714914+00:00,npdc,e10,376,2.1384,2.439,Havrincourt (62147),1.99,La Sentinelle (59174)
2026-09-29T23:44:34.270774+00:00,france,gazole,8666,2.3959,2.9,Paris (75007),2.19,Lannilis (29870)
2026-09-29T23:44:34.270774+00:00,france,e10,7019,2.1733,2.649,Verrières-en-Anjou (49480),1.98,Limogne-en-Quercy (46260)
2026-09-29T23:44:34.270774+00:00,npdc,gazole,440,2.3787,2.704,Étaples (62630),2.249,Haspres (59198)
2026-09-29T23:44:34.270774+00:00,npdc,e10,376,2.1383,2.439,Havrincourt (62147),1.99,La Sentinelle (59174)
2026-09-30T00:01:22.968725+00:00,france,gazole,8666,2.3959,2.9,Paris (75007),2.19,Lannilis (29870)
2026-09-30T00:01:22.968725+00:00,france,e10,7019,2.1733,2.649,Verrières-en-Anjou (49480),1.98,Limogne-en-Quercy (46260)
2026-09-30T00:01:22.968725+00:00,npdc,gazole,440,2.3787,2.704,Étaples (62630),2.249,Haspres (59198)
2026-09-30T00:01:22.968725+00:00,npdc,e10,376,2.1383,2.439,Havrincourt (62147),1.99,La Sentinelle (59174)
2026-09-30T00:30:58.912190+00:00,france,gazole,8666,2.3959,2.9,Paris (75007),2.19,Lannilis (29870)
2026-09-30T00:30:58.912190+00:00,france,e10,7019,2.1733,2.649,Verrières-en-Anjou (49480),1.98,Limogne-en-Quercy (46260)
2026-09-30T00:30:58.912190+00:00,npdc,gazole,440,2.3787,2.704,Étaples (62630),2.249,Haspres (59198)
2026-09-30T00:30:58.912190+00:00,npdc,e10,376,2.1383,2.439,Havrincourt (62147),1.99,La Sentinelle (59174)
2026-09-30T01:01:06.885751+00:00,france,gazole,8665,2.396,2.9,Paris (75007),2.19,Lannilis (29870)
2026-09-30T01:01:06.885751+00:00,france,e10,7019,2.1733,2.649,Verrières-en-Anjou (49480),1.98,Limogne-en-Quercy (46260)
2026-09-30T01:01:06.885751+00:00,npdc,gazole,440,2.3787,2.704,Étaples (62630),2.249,Haspres (59198)
2026-09-30T01:01:06.885751+00:00,npdc,e10,376,2.1383,2.439,Havrincourt (62147),1.99,La Sentinelle (59174)
2026-09-30T01:31:06.405454+00:00,france,gazole,8665,2.396,2.9,Paris (75007),2.19,Lannilis (29870)
2026-09-30T01:31:06.405454+00:00,france,e10,7019,2.1733,2.649,Verrières-en-Anjou (49480),1.98,Limogne-en-Quercy (46260)
2026-09-30T01:31:06.405454+00:00,npdc,gazole,440,2.3787,2.704,Étaples (62630),2.249,Haspres (59198)
2026-09-30T01:31:06.405454+00:00,npdc,e10,376,2.1383,2.439,Havrincourt (62147),1.99,La Sentinelle (59174)
2026-09-30T02:01:09.974155+00:00,france,gazole,8665,2.396,2.9,Paris (75007),2.19,Lannilis (29870)
2026-09-30T02:01:09.974155+00:00,france,e10,7019,2.1733,2.649,Verrières-en-Anjou (49480),1.98,Limogne-en-Quercy (46260)
2026-09-30T02:01:09.974155+00:00,npdc,gazole,440,2.3787,2.704,Étaples (62630),2.249,Haspres (59198)
2026-09-30T02:01:09.974155+00:00,npdc,e10,376,2.1383,2.439,Havrincourt (62147),1.99,La Sentinelle (59174)
2026-09-30T02:31:02.486178+00:00,france,gazole,8666,2.3959,2.9,Paris (75007),2.19,Lannilis (29870)
2026-09-30T02:31:02.486178+00:00,france,e10,7019,2.1733,2.649,Verrières-en-Anjou (49480),1.98,Limogne-en-Quercy (46260)
2026-09-30T02:31:02.486178+00:00,npdc,gazole,440,2.3787,2.704,Étaples (62630),2.249,Haspres (59198)
2026-09-30T02:31:02.486178+00:00,npdc,e10,376,2.1383,2.439,Havrincourt (62147),1.99,La Sentinelle (59174)
2026-09-30T03:01:01.845050+00:00,france,gazole,8665,2.3959,2.9,Paris (75007),2.19,Lannilis (29870)
2026-09-30T03:01:01.845050+00:00,france,e10,7019,2.1733,2.649,Verrières-en-Anjou (49480),1.98,Limogne-en-Quercy (46260)
2026-09-30T03:01:01.845050+00:00,npdc,gazole,440,2.3787,2.704,Étaples (62630),2.249,Haspres (59198)
2026-09-30T03:01:01.845050+00:00,npdc,e10,376,2.1383,2.439,Havrincourt (62147),1.99,La Sentinelle (59174)
2026-09-30T03:31:00.448919+00:00,france,gazole,8665,2.3959,2.9,Paris (75007),2.19,Lannilis (29870)
2026-09-30T03:31:00.448919+00:00,france,e10,7019,2.1732,2.649,Verrières-en-Anjou (49480),1.98,Limogne-en-Quercy (46260)
2026-09-30T03:31:00.448919+00:00,npdc,gazole,440,2.3787,2.704,Étaples (62630),2.249,Haspres (59198)
2026-09-30T03:31:00.448919+00:00,npdc,e10,376,2.1383,2.439,Havrincourt (62147),1.99,La Sentinelle (59174)
2026-09-30T04:01:07.902630+00:00,france,gazole,8665,2.3959,2.9,Paris (75007),2.19,Lannilis (29870)
2026-09-30T04:01:07.902630+00:00,france,e10,7019,2.1733,2.649,Verrières-en-Anjou (49480),1.98,Limogne-en-Quercy (46260)
2026-09-30T04:01:07.902630+00:00,npdc,gazole,440,2.3787,2.704,Étaples (62630),2.249,Haspres (59198)
2026-09-30T04:01:07.902630+00:00,npdc,e10,376,2.1383,2.439,Havrincourt (62147),1.99,La Sentinelle (59174)
2026-09-30T04:30:58.646422+00:00,france,gazole,8665,2.3959,2.9,Paris (75007),2.19,Lannilis (29870)
2026-09-30T04:30:58.646422+00:00,france,e10,7019,2.1732,2.649,Verrières-en-Anjou (49480),1.98,Limogne-en-Quercy (46260)
2026-09-30T04:30:58.646422+00:00,npdc,gazole,440,2.3787,2.704,Étaples (62630),2.249,Haspres (59198)
2026-09-30T04:30:58.646422+00:00,npdc,e10,376,2.1383,2.439,Havrincourt (62147),1.99,La Sentinelle (59174)
2026-09-30T05:01:06.329498+00:00,france,gazole,8670,2.3958,2.9,Paris (75007),2.19,Lannilis (29870)
2026-09-30T05:01:06.329498+00:00,france,e10,7022,2.1731,2.649,Verrières-en-Anjou (49480),1.98,Limogne-en-Quercy (46260)
2026-09-30T05:01:06.329498+00:00,npdc,gazole,443,2.3778,2.704,Étaples (62630),2.249,Haspres (59198)
2026-09-30T05:01:06.329498+00:00,npdc,e10,378,2.1375,2.439,Havrincourt (62147),1.99,La Sentinelle (59174)
2026-09-30T05:31:01.184808+00:00,france,gazole,8664,2.3959,2.9,Paris (75007),2.19,Lannilis (29870)
2026-09-30T05:31:01.184808+00:00,france,e10,7018,2.1733,2.649,Verrières-en-Anjou (49480),1.98,Limogne-en-Quercy (46260)
2026-09-30T05:31:01.184808+00:00,npdc,gazole,440,2.3787,2.704,Étaples (62630),2.249,Haspres (59198)
2026-09-30T05:31:01.184808+00:00,npdc,e10,376,2.1383,2.439,Havrincourt (62147),1.99,La Sentinelle (59174)
2026-09-30T05:36:01.054527+00:00,france,gazole,8689,2.3954,2.9,Paris (75007),2.19,Lannilis (29870)
2026-09-30T05:36:01.054527+00:00,france,e10,7038,2.1726,2.649,Verrières-en-Anjou (49480),1.98,Limogne-en-Quercy (46260)
2026-09-30T05:36:01.054527+00:00,npdc,gazole,445,2.3769,2.704,Étaples (62630),2.249,Haspres (59198)
2026-09-30T05:36:01.054527+00:00,npdc,e10,381,2.1362,2.439,Havrincourt (62147),1.99,La Sentinelle (59174)
2026-09-30T06:01:00.667403+00:00,france,gazole,8696,2.395,2.9,Paris (75007),2.19,Lannilis (29870)
2026-09-30T06:01:00.667403+00:00,france,e10,7044,2.1723,2.649,Verrières-en-Anjou (49480),1.98,Limogne-en-Quercy (46260)
2026-09-30T06:01:00.667403+00:00,npdc,gazole,446,2.3766,2.704,Étaples (62630),2.249,Haspres (59198)
2026-09-30T06:01:00.667403+00:00,npdc,e10,382,2.1358,2.439,Havrincourt (62147),1.99,La Sentinelle (59174)
2026-09-30T06:30:59.661177+00:00,france,gazole,8694,2.3952,2.9,Paris (75007),2.19,Lannilis (29870)
2026-09-30T06:30:59.661177+00:00,france,e10,7039,2.1725,2.649,Verrières-en-Anjou (49480),1.98,Limogne-en-Quercy (46260)
2026-09-30T06:30:59.661177+00:00,npdc,gazole,445,2.3769,2.704,Étaples (62630),2.249,Haspres (59198)
2026-09-30T06:30:59.661177+00:00,npdc,e10,381,2.1362,2.439,Havrincourt (62147),1.99,La Sentinelle (59174)
2026-09-30T07:01:02.041182+00:00,france,gazole,8701,2.3948,2.9,Paris (75007),2.19,Lannilis (29870)
2026-09-30T07:01:02.041182+00:00,france,e10,7048,2.172,2.649,Verrières-en-Anjou (49480),1.98,Limogne-en-Quercy (46260)
2026-09-30T07:01:02.041182+00:00,npdc,gazole,446,2.3764,2.704,Étaples (62630),2.249,Haspres (59198)
2026-09-30T07:01:02.041182+00:00,npdc,e10,382,2.1356,2.439,Havrincourt (62147),1.99,La Sentinelle (59174)
2026-09-30T07:30:57.158918+00:00,france,gazole,8729,2.3938,2.9,Paris (75007),2.135,Marignane (13700)
2026-09-30T07:30:57.158918+00:00,france,e10,7069,2.1712,2.649,Verrières-en-Anjou (49480),1.98,Limogne-en-Quercy (46260)
2026-09-30T07:30:57.158918+00:00,npdc,gazole,446,2.3759,2.704,Étaples (62630),2.225,Wormhout (59470)
2026-09-30T07:30:57.158918+00:00,npdc,e10,382,2.1347,2.439,Havrincourt (62147),1.99,La Sentinelle (59174)
2026-09-30T08:01:03.138672+00:00,france,gazole,8724,2.3936,2.9,Paris (75007),2.135,Marignane (13700)
2026-09-30T08:01:03.138672+00:00,france,e10,7066,2.1711,2.649,Verrières-en-Anjou (49480),1.98,Limogne-en-Quercy (46260)
2026-09-30T08:01:03.138672+00:00,npdc,gazole,446,2.3757,2.704,Étaples (62630),2.225,Wormhout (59470)
2026-09-30T08:01:03.138672+00:00,npdc,e10,382,2.1347,2.439,Havrincourt (62147),1.99,La Sentinelle (59174)
2026-09-30T08:31:07.734354+00:00,france,gazole,8747,2.3922,2.9,Paris (75007),2.135,Marignane (13700)
2026-09-30T08:31:07.734354+00:00,france,e10,7089,2.1701,2.649,Verrières-en-Anjou (49480),1.98,Limogne-en-Quercy (46260)
2026-09-30T08:31:07.734354+00:00,npdc,gazole,449,2.374,2.669,Grande-Synthe (59760),2.225,Wormhout (59470)
2026-09-30T08:31:07.734354+00:00,npdc,e10,385,2.1328,2.439,Havrincourt (62147),1.99,Waziers (59119)
2026-09-30T09:01:05.271253+00:00,france,gazole,8744,2.3928,2.9,Paris (75007),2.135,Marignane (13700)
2026-09-30T09:01:05.271253+00:00,france,e10,7081,2.1705,2.649,Verrières-en-Anjou (49480),1.98,Limogne-en-Quercy (46260)
2026-09-30T09:01:05.271253+00:00,npdc,gazole,448,2.3747,2.704,Étaples (62630),2.225,Wormhout (59470)
2026-09-30T09:01:05.271253+00:00,npdc,e10,383,2.1343,2.439,Havrincourt (62147),1.99,La Sentinelle (59174)
2026-09-30T09:30:58.674792+00:00,france,gazole,8753,2.3918,2.9,Paris (75007),2.135,Marignane (13700)
2026-09-30T09:30:58.674792+00:00,france,e10,7096,2.1699,2.649,Verrières-en-Anjou (49480),1.98,Limogne-en-Quercy (46260)
2026-09-30T09:30:58.674792+00:00,npdc,gazole,450,2.3737,2.669,Grande-Synthe (59760),2.225,Wormhout (59470)
2026-09-30T09:30:58.674792+00:00,npdc,e10,386,2.1328,2.439,Havrincourt (62147),1.99,Waziers (59119)
2026-09-30T10:01:07.017118+00:00,france,gazole,8757,2.3916,2.9,Paris (75007),2.135,Marignane (13700)
2026-09-30T10:01:07.017118+00:00,france,e10,7094,2.1698,2.649,Verrières-en-Anjou (49480),1.98,Limogne-en-Quercy (46260)
2026-09-30T10:01:07.017118+00:00,npdc,gazole,448,2.3739,2.669,Grande-Synthe (59760),2.225,Wormhout (59470)
2026-09-30T10:01:07.017118+00:00,npdc,e10,384,2.1333,2.439,Havrincourt (62147),1.99,Waziers (59119)
2026-09-30T10:31:00.249050+00:00,france,gazole,8752,2.3915,2.9,Paris (75007),2.135,Marignane (13700)
2026-09-30T10:31:00.249050+00:00,france,e10,7093,2.1697,2.649,Verrières-en-Anjou (49480),1.98,Limogne-en-Quercy (46260)
2026-09-30T10:31:00.249050+00:00,npdc,gazole,448,2.3739,2.669,Grande-Synthe (59760),2.249,Haspres (59198)
2026-09-30T10:31:00.249050+00:00,npdc,e10,384,2.1331,2.439,Havrincourt (62147),1.99,Waziers (59119)
2026-09-30T11:01:01.129471+00:00,france,gazole,8746,2.3913,2.9,Paris (75007),2.135,Marignane (13700)
2026-09-30T11:01:01.129471+00:00,france,e10,7090,2.1696,2.649,Verrières-en-Anjou (49480),1.98,Limogne-en-Quercy (46260)
2026-09-30T11:01:01.129471+00:00,npdc,gazole,446,2.3743,2.669,Grande-Synthe (59760),2.249,Haspres (59198)
2026-09-30T11:01:01.129471+00:00,npdc,e10,383,2.1332,2.439,Havrincourt (62147),1.99,Waziers (59119)
2026-09-30T11:31:01.980656+00:00,france,gazole,8742,2.3912,2.9,Paris (75007),2.135,Marignane (13700)
2026-09-30T11:31:01.980656+00:00,france,e10,7088,2.1696,2.649,Verrières-en-Anjou (49480),1.98,Limogne-en-Quercy (46260)
2026-09-30T11:31:01.980656+00:00,npdc,gazole,446,2.3742,2.669,Grande-Synthe (59760),2.249,Haspres (59198)
2026-09-30T11:31:01.980656+00:00,npdc,e10,383,2.1328,2.439,Havrincourt (62147),1.99,Waziers (59119)
2026-09-30T12:01:30.878308+00:00,france,gazole,8743,2.3911,2.9,Paris (75007),2.135,Marignane (13700)
2026-09-30T12:01:30.878308+00:00,france,e10,7091,2.1694,2.649,Verrières-en-Anjou (49480),1.98,Limogne-en-Quercy (46260)
2026-09-30T12:01:30.878308+00:00,npdc,gazole,446,2.374,2.659,Étaples (62630),2.249,Haspres (59198)
2026-09-30T12:01:30.878308+00:00,npdc,e10,383,2.1328,2.439,Havrincourt (62147),1.99,Waziers (59119)
2026-09-30T12:31:08.967666+00:00,france,gazole,8745,2.3912,2.9,Paris (75007),2.135,Marignane (13700)
2026-09-30T12:31:08.967666+00:00,france,e10,7086,2.1697,2.649,Verrières-en-Anjou (49480),1.98,Limogne-en-Quercy (46260)
2026-09-30T12:31:08.967666+00:00,npdc,gazole,446,2.3743,2.669,Grande-Synthe (59760),2.249,Haspres (59198)
2026-09-30T12:31:08.967666+00:00,npdc,e10,382,2.1335,2.439,Havrincourt (62147),1.99,Waziers (59119)
2026-09-30T13:01:16.438558+00:00,france,gazole,8743,2.3911,2.9,Paris (75007),2.135,Marignane (13700)
2026-09-30T13:01:16.438558+00:00,france,e10,7091,2.1694,2.649,Verrières-en-Anjou (49480),1.98,Limogne-en-Quercy (46260)
2026-09-30T13:01:16.438558+00:00,npdc,gazole,446,2.374,2.659,Étaples (62630),2.249,Haspres (59198)
2026-09-30T13:01:16.438558+00:00,npdc,e10,383,2.1328,2.439,Havrincourt (62147),1.99,Waziers (59119)
2026-09-30T13:31:13.194612+00:00,france,gazole,8736,2.3912,2.9,Paris (75007),2.135,Marignane (13700)
2026-09-30T13:31:13.194612+00:00,france,e10,7090,2.1694,2.649,Verrières-en-Anjou (49480),1.98,Limogne-en-Quercy (46260)
2026-09-30T13:31:13.194612+00:00,npdc,gazole,446,2.3736,2.659,Étaples (62630),2.249,Haspres (59198)
2026-09-30T13:31:13.194612+00:00,npdc,e10,383,2.1326,2.439,Havrincourt (62147),1.99,Waziers (59119)
2026-09-30T14:01:14.371270+00:00,france,gazole,8745,2.3906,2.9,Paris (75007),2.135,Marignane (13700)
2026-09-30T14:01:14.371270+00:00,france,e10,7105,2.1686,2.649,Verrières-en-Anjou (49480),1.98,Limogne-en-Quercy (46260)
2026-09-30T14:01:14.371270+00:00,npdc,gazole,447,2.3735,2.659,Étaples (62630),2.249,Haspres (59198)
2026-09-30T14:01:14.371270+00:00,npdc,e10,383,2.1329,2.439,Havrincourt (62147),1.99,Waziers (59119)
2026-09-30T14:15:02.180196+00:00,france,gazole,8740,2.391,2.9,Paris (75007),2.135,Marignane (13700)
2026-09-30T14:15:02.180196+00:00,france,e10,7102,2.1691,2.649,Verrières-en-Anjou (49480),1.98,Limogne-en-Quercy (46260)
2026-09-30T14:15:02.180196+00:00,npdc,gazole,446,2.3736,2.659,Étaples (62630),2.249,Haspres (59198)
2026-09-30T14:15:02.180196+00:00,npdc,e10,383,2.1326,2.439,Havrincourt (62147),1.99,Waziers (59119)
2026-09-30T14:31:05.199879+00:00,france,gazole,8749,2.3905,2.9,Paris (75007),2.135,Marignane (13700)
2026-09-30T14:31:05.199879+00:00,france,e10,7114,2.1683,2.649,Verrières-en-Anjou (49480),1.98,Limogne-en-Quercy (46260)
2026-09-30T14:31:05.199879+00:00,npdc,gazole,445,2.3737,2.659,Étaples (62630),2.249,Haspres (59198)
2026-09-30T14:31:05.199879+00:00,npdc,e10,380,2.1339,2.439,Havrincourt (62147),1.99,Waziers (59119)
2026-09-30T14:56:43.604214+00:00,france,gazole,8751,2.3904,2.9,Paris (75007),2.135,Marignane (13700)
2026-09-30T14:56:43.604214+00:00,france,e10,7111,2.1684,2.649,Verrières-en-Anjou (49480),1.98,Limogne-en-Quercy (46260)
2026-09-30T14:56:43.604214+00:00,npdc,gazole,446,2.3736,2.659,Étaples (62630),2.249,Haspres (59198)
2026-09-30T14:56:43.604214+00:00,npdc,e10,381,2.1336,2.439,Havrincourt (62147),1.99,Waziers (59119)
2026-09-30T15:01:16.811073+00:00,france,gazole,8750,2.3904,2.9,Paris (75007),2.19,Lannilis (29870)
2026-09-30T15:01:16.811073+00:00,france,e10,7108,2.1684,2.649,Verrières-en-Anjou (49480),1.98,Limogne-en-Quercy (46260)
2026-09-30T15:01:16.811073+00:00,npdc,gazole,445,2.3737,2.659,Étaples (62630),2.249,Haspres (59198)
2026-09-30T15:01:16.811073+00:00,npdc,e10,376,2.1354,2.439,Havrincourt (62147),1.99,Waziers (59119)
2026-09-30T15:31:02.747126+00:00,france,gazole,8750,2.3904,2.9,Paris (75007),2.19,Lannilis (29870)
2026-09-30T15:31:02.747126+00:00,france,e10,7108,2.1684,2.649,Verrières-en-Anjou (49480),1.98,Limogne-en-Quercy (46260)
2026-09-30T15:31:02.747126+00:00,npdc,gazole,445,2.3737,2.659,Étaples (62630),2.249,Haspres (59198)
2026-09-30T15:31:02.747126+00:00,npdc,e10,376,2.1354,2.439,Havrincourt (62147),1.99,Waziers (59119)
2026-09-30T16:01:17.674612+00:00,france,gazole,8753,2.3903,2.9,Paris (75007),2.135,Marignane (13700)
2026-09-30T16:01:17.674612+00:00,france,e10,7118,2.1682,2.649,Verrières-en-Anjou (49480),1.98,Limogne-en-Quercy (46260)
2026-09-30T16:01:17.674612+00:00,npdc,gazole,445,2.3737,2.659,Étaples (62630),2.249,Haspres (59198)
2026-09-30T16:01:17.674612+00:00,npdc,e10,380,2.1339,2.439,Havrincourt (62147),1.99,Waziers (59119)
2026-09-30T16:31:18.468739+00:00,france,gazole,8749,2.3904,2.9,Paris (75007),2.19,Lannilis (29870)
2026-09-30T16:31:18.468739+00:00,france,e10,7106,2.1685,2.649,Verrières-en-Anjou (49480),1.98,Limogne-en-Quercy (46260)
2026-09-30T16:31:18.468739+00:00,npdc,gazole,444,2.3742,2.659,Étaples (62630),2.249,Haspres (59198)
2026-09-30T16:31:18.468739+00:00,npdc,e10,376,2.1354,2.439,Havrincourt (62147),1.99,Waziers (59119)
2026-09-30T17:01:13.528602+00:00,france,gazole,8718,2.3909,2.9,Paris (75007),2.19,Lannilis (29870)
2026-09-30T17:01:13.528602+00:00,france,e10,7091,2.1688,2.649,Verrières-en-Anjou (49480),1.98,Limogne-en-Quercy (46260)
2026-09-30T17:01:13.528602+00:00,npdc,gazole,443,2.3744,2.659,Étaples (62630),2.249,Haspres (59198)
2026-09-30T17:01:13.528602+00:00,npdc,e10,376,2.1354,2.439,Havrincourt (62147),1.99,Waziers (59119)
2026-09-30T17:31:10.005575+00:00,france,gazole,8712,2.391,2.9,Paris (75007),2.19,Lannilis (29870)
2026-09-30T17:31:10.005575+00:00,france,e10,7085,2.1689,2.649,Verrières-en-Anjou (49480),1.98,Limogne-en-Quercy (46260)
2026-09-30T17:31:10.005575+00:00,npdc,gazole,441,2.375,2.659,Étaples (62630),2.249,Haspres (59198)
2026-09-30T17:31:10.005575+00:00,npdc,e10,373,2.1366,2.439,Havrincourt (62147),1.99,Waziers (59119)
2026-09-30T18:01:12.650858+00:00,france,gazole,8699,2.3911,2.9,Paris (75007),2.19,Lannilis (29870)
2026-09-30T18:01:12.650858+00:00,france,e10,7073,2.1692,2.649,Verrières-en-Anjou (49480),1.98,Limogne-en-Quercy (46260)
2026-09-30T18:01:12.650858+00:00,npdc,gazole,441,2.375,2.659,Étaples (62630),2.249,Haspres (59198)
2026-09-30T18:01:12.650858+00:00,npdc,e10,370,2.1378,2.439,Havrincourt (62147),1.99,Waziers (59119)
2026-09-30T18:31:07.991289+00:00,france,gazole,8690,2.3912,2.9,Paris (75007),2.19,Lannilis (29870)
2026-09-30T18:31:07.991289+00:00,france,e10,7067,2.1693,2.649,Verrières-en-Anjou (49480),1.98,Limogne-en-Quercy (46260)
2026-09-30T18:31:07.991289+00:00,npdc,gazole,441,2.375,2.659,Étaples (62630),2.249,Haspres (59198)
2026-09-30T18:31:07.991289+00:00,npdc,e10,370,2.1378,2.439,Havrincourt (62147),1.99,Waziers (59119)
2026-09-30T19:01:21.809201+00:00,france,gazole,8683,2.3913,2.9,Paris (75007),2.19,Lannilis (29870)
2026-09-30T19:01:21.809201+00:00,france,e10,7056,2.1696,2.649,Verrières-en-Anjou (49480),1.98,Limogne-en-Quercy (46260)
2026-09-30T19:01:21.809201+00:00,npdc,gazole,441,2.3748,2.659,Étaples (62630),2.249,Haspres (59198)
2026-09-30T19:01:21.809201+00:00,npdc,e10,371,2.1372,2.439,Havrincourt (62147),1.99,Waziers (59119)
2026-09-30T19:31:00.328117+00:00,france,gazole,8661,2.3916,2.9,Paris (75007),2.19,Lannilis (29870)
2026-09-30T19:31:00.328117+00:00,france,e10,7033,2.17,2.649,Verrières-en-Anjou (49480),1.98,Limogne-en-Quercy (46260)
2026-09-30T19:31:00.328117+00:00,npdc,gazole,439,2.3751,2.659,Étaples (62630),2.249,Haspres (59198)
2026-09-30T19:31:00.328117+00:00,npdc,e10,368,2.1381,2.439,Havrincourt (62147),1.99,La Sentinelle (59174)
2026-09-30T20:01:11.467782+00:00,france,gazole,8656,2.3916,2.9,Paris (75007),2.19,Lannilis (29870)
2026-09-30T20:01:11.467782+00:00,france,e10,7029,2.1701,2.649,Verrières-en-Anjou (49480),1.98,Limogne-en-Quercy (46260)
2026-09-30T20:01:11.467782+00:00,npdc,gazole,437,2.3757,2.659,Étaples (62630),2.249,Haspres (59198)
2026-09-30T20:01:11.467782+00:00,npdc,e10,366,2.1389,2.439,Havrincourt (62147),1.99,La Sentinelle (59174)
2026-09-30T20:31:05.118325+00:00,france,gazole,8656,2.3916,2.9,Paris (75007),2.19,Lannilis (29870)
2026-09-30T20:31:05.118325+00:00,france,e10,7029,2.1701,2.649,Verrières-en-Anjou (49480),1.98,Limogne-en-Quercy (46260)
2026-09-30T20:31:05.118325+00:00,npdc,gazole,437,2.3757,2.659,Étaples (62630),2.249,Haspres (59198)
2026-09-30T20:31:05.118325+00:00,npdc,e10,366,2.1389,2.439,Havrincourt (62147),1.99,La Sentinelle (59174)
2026-09-30T20:49:58.319775+00:00,france,gazole,8676,2.3913,2.9,Paris (75007),2.19,Lannilis (29870)
2026-09-30T20:49:58.319775+00:00,france,e10,7049,2.1696,2.649,Verrières-en-Anjou (49480),1.98,Limogne-en-Quercy (46260)
2026-09-30T20:49:58.319775+00:00,npdc,gazole,441,2.3746,2.659,Étaples (62630),2.249,Haspres (59198)
2026-09-30T20:49:58.319775+00:00,npdc,e10,372,2.1365,2.439,Havrincourt (62147),1.99,Waziers (59119)
2026-09-30T21:01:04.537310+00:00,france,gazole,8651,2.3917,2.9,Paris (75007),2.19,Lannilis (29870)
2026-09-30T21:01:04.537310+00:00,france,e10,7024,2.1703,2.649,Verrières-en-Anjou (49480),1.98,Limogne-en-Quercy (46260)
2026-09-30T21:01:04.537310+00:00,npdc,gazole,437,2.3757,2.659,Étaples (62630),2.249,Haspres (59198)
2026-09-30T21:01:04.537310+00:00,npdc,e10,365,2.1393,2.439,Havrincourt (62147),1.99,La Sentinelle (59174)
2026-09-30T21:31:06.778715+00:00,france,gazole,8655,2.3916,2.9,Paris (75007),2.19,Lannilis (29870)
2026-09-30T21:31:06.778715+00:00,france,e10,7027,2.1702,2.649,Verrières-en-Anjou (49480),1.98,Limogne-en-Quercy (46260)
2026-09-30T21:31:06.778715+00:00,npdc,gazole,437,2.3757,2.659,Étaples (62630),2.249,Haspres (59198)
2026-09-30T21:31:06.778715+00:00,npdc,e10,365,2.1393,2.439,Havrincourt (62147),1.99,La Sentinelle (59174)
2026-09-30T22:01:07.705929+00:00,france,gazole,8651,2.3917,2.9,Paris (75007),2.19,Lannilis (29870)
2026-09-30T22:01:07.705929+00:00,france,e10,7024,2.1703,2.649,Verrières-en-Anjou (49480),1.98,Limogne-en-Quercy (46260)
2026-09-30T22:01:07.705929+00:00,npdc,gazole,437,2.3757,2.659,Étaples (62630),2.249,Haspres (59198)
2026-09-30T22:01:07.705929+00:00,npdc,e10,365,2.1393,2.439,Havrincourt (62147),1.99,La Sentinelle (59174)
2026-09-30T22:30:56.796272+00:00,france,gazole,8651,2.3916,2.9,Paris (75007),2.19,Lannilis (29870)
2026-09-30T22:30:56.796272+00:00,france,e10,7024,2.1702,2.649,Verrières-en-Anjou (49480),1.98,Limogne-en-Quercy (46260)
2026-09-30T22:30:56.796272+00:00,npdc,gazole,437,2.3756,2.659,Étaples (62630),2.249,Haspres (59198)
2026-09-30T22:30:56.796272+00:00,npdc,e10,365,2.1393,2.439,Havrincourt (62147),1.99,La Sentinelle (59174)
2026-09-30T23:01:18.601833+00:00,france,gazole,8652,2.3916,2.9,Paris (75007),2.19,Lannilis (29870)
2026-09-30T23:01:18.601833+00:00,france,e10,7025,2.1702,2.649,Verrières-en-Anjou (49480),1.98,Limogne-en-Quercy (46260)
2026-09-30T23:01:18.601833+00:00,npdc,gazole,437,2.3757,2.659,Étaples (62630),2.249,Haspres (59198)
2026-09-30T23:01:18.601833+00:00,npdc,e10,365,2.1393,2.439,Havrincourt (62147),1.99,La Sentinelle (59174)
2026-09-30T23:31:04.036977+00:00,france,gazole,8651,2.3916,2.9,Paris (75007),2.19,Lannilis (29870)
2026-09-30T23:31:04.036977+00:00,france,e10,7024,2.1702,2.649,Verrières-en-Anjou (49480),1.98,Limogne-en-Quercy (46260)
2026-09-30T23:31:04.036977+00:00,npdc,gazole,437,2.3755,2.659,Étaples (62630),2.249,Haspres (59198)
2026-09-30T23:31:04.036977+00:00,npdc,e10,365,2.1392,2.439,Havrincourt (62147),1.99,La Sentinelle (59174)
2026-10-01T00:01:12.356612+00:00,france,gazole,8731,2.3901,2.9,Paris (75007),2.19,Lannilis (29870)
2026-10-01T00:01:12.356612+00:00,france,e10,7119,2.1677,2.649,Verrières-en-Anjou (49480),1.98,Limogne-en-Quercy (46260)
2026-10-01T00:01:12.356612+00:00,npdc,gazole,442,2.3738,2.659,Étaples (62630),2.249,Haspres (59198)
2026-10-01T00:01:12.356612+00:00,npdc,e10,372,2.1363,2.439,Havrincourt (62147),1.99,La Sentinelle (59174)
2026-10-01T00:31:04.203817+00:00,france,gazole,8731,2.3902,2.9,Paris (75007),2.19,Lannilis (29870)
2026-10-01T00:31:04.203817+00:00,france,e10,7119,2.1677,2.649,Verrières-en-Anjou (49480),1.98,Limogne-en-Quercy (46260)
2026-10-01T00:31:04.203817+00:00,npdc,gazole,442,2.374,2.659,Étaples (62630),2.249,Haspres (59198)
2026-10-01T00:31:04.203817+00:00,npdc,e10,372,2.1363,2.439,Havrincourt (62147),1.99,La Sentinelle (59174)
2026-10-01T01:01:18.337483+00:00,france,gazole,8731,2.3901,2.9,Paris (75007),2.19,Lannilis (29870)
2026-10-01T01:01:18.337483+00:00,france,e10,7119,2.1676,2.649,Verrières-en-Anjou (49480),1.98,Limogne-en-Quercy (46260)
2026-10-01T01:01:18.337483+00:00,npdc,gazole,442,2.3738,2.659,Étaples (62630),2.249,Haspres (59198)
2026-10-01T01:01:18.337483+00:00,npdc,e10,372,2.1363,2.439,Havrincourt (62147),1.99,La Sentinelle (59174)
2026-10-01T01:31:05.454832+00:00,france,gazole,8731,2.3901,2.9,Paris (75007),2.19,Lannilis (29870)
2026-10-01T01:31:05.454832+00:00,france,e10,7119,2.1676,2.649,Verrières-en-Anjou (49480),1.98,Limogne-en-Quercy (46260)
2026-10-01T01:31:05.454832+00:00,npdc,gazole,442,2.3738,2.659,Étaples (62630),2.249,Haspres (59198)
2026-10-01T01:31:05.454832+00:00,npdc,e10,372,2.1363,2.439,Havrincourt (62147),1.99,La Sentinelle (59174)
2026-10-01T02:01:00.877801+00:00,france,gazole,8731,2.3901,2.9,Paris (75007),2.19,Lannilis (29870)
2026-10-01T02:01:00.877801+00:00,france,e10,7119,2.1676,2.649,Verrières-en-Anjou (49480),1.98,Limogne-en-Quercy (46260)
2026-10-01T02:01:00.877801+00:00,npdc,gazole,442,2.3738,2.659,Étaples (62630),2.249,Haspres (59198)
2026-10-01T02:01:00.877801+00:00,npdc,e10,372,2.1363,2.439,Havrincourt (62147),1.99,La Sentinelle (59174)
2026-10-01T02:31:35.115190+00:00,france,gazole,8731,2.3901,2.9,Paris (75007),2.19,Lannilis (29870)
2026-10-01T02:31:35.115190+00:00,france,e10,7119,2.1676,2.649,Verrières-en-Anjou (49480),1.98,Limogne-en-Quercy (46260)
2026-10-01T02:31:35.115190+00:00,npdc,gazole,442,2.3738,2.659,Étaples (62630),2.249,Haspres (59198)
2026-10-01T02:31:35.115190+00:00,npdc,e10,372,2.1363,2.439,Havrincourt (62147),1.99,La Sentinelle (59174)
2026-10-01T03:01:09.093688+00:00,france,gazole,8731,2.3901,2.9,Paris (75007),2.19,Lannilis (29870)
2026-10-01T03:01:09.093688+00:00,france,e10,7119,2.1676,2.649,Verrières-en-Anjou (49480),1.98,Limogne-en-Quercy (46260)
2026-10-01T03:01:09.093688+00:00,npdc,gazole,442,2.3738,2.659,Étaples (62630),2.249,Haspres (59198)
2026-10-01T03:01:09.093688+00:00,npdc,e10,372,2.1363,2.439,Havrincourt (62147),1.99,La Sentinelle (59174)
2026-10-01T03:31:01.731681+00:00,france,gazole,8731,2.3901,2.9,Paris (75007),2.19,Lannilis (29870)
2026-10-01T03:31:01.731681+00:00,france,e10,7119,2.1676,2.649,Verrières-en-Anjou (49480),1.98,Limogne-en-Quercy (46260)
2026-10-01T03:31:01.731681+00:00,npdc,gazole,442,2.3738,2.659,Étaples (62630),2.249,Haspres (59198)
2026-10-01T03:31:01.731681+00:00,npdc,e10,372,2.1363,2.439,Havrincourt (62147),1.99,La Sentinelle (59174)
2026-10-01T04:01:05.349562+00:00,france,gazole,8731,2.3901,2.9,Paris (75007),2.19,Lannilis (29870)
2026-10-01T04:01:05.349562+00:00,france,e10,7119,2.1676,2.649,Verrières-en-Anjou (49480),1.98,Limogne-en-Quercy (46260)
2026-10-01T04:01:05.349562+00:00,npdc,gazole,442,2.3738,2.659,Étaples (62630),2.249,Haspres (59198)
2026-10-01T04:01:05.349562+00:00,npdc,e10,372,2.1363,2.439,Havrincourt (62147),1.99,La Sentinelle (59174)
2026-10-01T04:31:01.771827+00:00,france,gazole,8732,2.3901,2.9,Paris (75007),2.19,Lannilis (29870)
2026-10-01T04:31:01.771827+00:00,france,e10,7120,2.1676,2.649,Verrières-en-Anjou (49480),1.98,Limogne-en-Quercy (46260)
2026-10-01T04:31:01.771827+00:00,npdc,gazole,442,2.3738,2.659,Étaples (62630),2.249,Haspres (59198)
2026-10-01T04:31:01.771827+00:00,npdc,e10,372,2.1363,2.439,Havrincourt (62147),1.99,La Sentinelle (59174)
2026-10-01T05:01:01.763154+00:00,france,gazole,8733,2.3901,2.9,Paris (75007),2.19,Lannilis (29870)
2026-10-01T05:01:01.763154+00:00,france,e10,7119,2.1676,2.649,Verrières-en-Anjou (49480),1.98,Limogne-en-Quercy (46260)
2026-10-01T05:01:01.763154+00:00,npdc,gazole,442,2.3738,2.659,Étaples (62630),2.249,Haspres (59198)
2026-10-01T05:01:01.763154+00:00,npdc,e10,372,2.1363,2.439,Havrincourt (62147),1.99,La Sentinelle (59174)
2026-10-01T05:30:57.829871+00:00,france,gazole,8744,2.3898,2.9,Paris (75007),2.19,Lannilis (29870)
2026-10-01T05:30:57.829871+00:00,france,e10,7127,2.1674,2.649,Verrières-en-Anjou (49480),1.98,Limogne-en-Quercy (46260)
2026-10-01T05:30:57.829871+00:00,npdc,gazole,443,2.3735,2.659,Étaples (62630),2.249,Haspres (59198)
2026-10-01T05:30:57.829871+00:00,npdc,e10,372,2.1363,2.439,Havrincourt (62147),1.99,La Sentinelle (59174)
2026-10-01T05:59:29.978935+00:00,france,gazole,8739,2.39,2.9,Paris (75007),2.19,Lannilis (29870)
2026-10-01T05:59:29.978935+00:00,france,e10,7122,2.1675,2.649,Verrières-en-Anjou (49480),1.98,Limogne-en-Quercy (46260)
2026-10-01T05:59:29.978935+00:00,npdc,gazole,444,2.3733,2.659,Étaples (62630),2.249,Haspres (59198)
2026-10-01T05:59:29.978935+00:00,npdc,e10,373,2.1359,2.439,Havrincourt (62147),1.99,La Sentinelle (59174)
2026-10-01T06:01:01.879831+00:00,france,gazole,8757,2.3896,2.9,Paris (75007),2.19,Lannilis (29870)
2026-10-01T06:01:01.879831+00:00,france,e10,7132,2.1672,2.649,Verrières-en-Anjou (49480),1.98,Limogne-en-Quercy (46260)
2026-10-01T06:01:01.879831+00:00,npdc,gazole,447,2.3727,2.659,Étaples (62630),2.249,Haspres (59198)
2026-10-01T06:01:01.879831+00:00,npdc,e10,375,2.1351,2.439,Havrincourt (62147),1.99,La Sentinelle (59174)
2026-10-01T06:30:57.285509+00:00,france,gazole,8765,2.3893,2.9,Paris (75007),2.19,Lannilis (29870)
2026-10-01T06:30:57.285509+00:00,france,e10,7138,2.1669,2.649,Verrières-en-Anjou (49480),1.98,Limogne-en-Quercy (46260)
2026-10-01T06:30:57.285509+00:00,npdc,gazole,446,2.3729,2.659,Étaples (62630),2.249,Haspres (59198)
2026-10-01T06:30:57.285509+00:00,npdc,e10,378,2.134,2.439,Havrincourt (62147),1.99,La Sentinelle (59174)
2026-10-01T07:01:01.071395+00:00,france,gazole,8765,2.3893,2.9,Paris (75007),2.19,Lannilis (29870)
2026-10-01T07:01:01.071395+00:00,france,e10,7138,2.1669,2.649,Verrières-en-Anjou (49480),1.98,Limogne-en-Quercy (46260)
2026-10-01T07:01:01.071395+00:00,npdc,gazole,446,2.3729,2.659,Étaples (62630),2.249,Haspres (59198)
2026-10-01T07:01:01.071395+00:00,npdc,e10,378,2.134,2.439,Havrincourt (62147),1.99,La Sentinelle (59174)
2026-10-01T07:30:58.182351+00:00,france,gazole,8781,2.3882,2.9,Paris (75007),1.369,Fleurance (32500)
2026-10-01T07:30:58.182351+00:00,france,e10,7154,2.1664,2.649,Verrières-en-Anjou (49480),1.98,Limogne-en-Quercy (46260)
2026-10-01T07:30:58.182351+00:00,npdc,gazole,446,2.3724,2.659,Étaples (62630),2.249,Haspres (59198)
2026-10-01T07:30:58.182351+00:00,npdc,e10,378,2.134,2.439,Havrincourt (62147),1.99,La Sentinelle (59174)
2026-10-01T08:01:08.434889+00:00,france,gazole,8787,2.3877,2.9,Paris (75007),1.369,Fleurance (32500)
2026-10-01T08:01:08.434889+00:00,france,e10,7157,2.166,2.649,Verrières-en-Anjou (49480),1.98,Limogne-en-Quercy (46260)
2026-10-01T08:01:08.434889+00:00,npdc,gazole,446,2.3714,2.659,Étaples (62630),2.249,Haspres (59198)
2026-10-01T08:01:08.434889+00:00,npdc,e10,379,2.1333,2.439,Havrincourt (62147),1.99,La Sentinelle (59174)
2026-10-01T08:31:03.353756+00:00,france,gazole,8786,2.3869,2.9,Paris (75007),1.369,Fleurance (32500)
2026-10-01T08:31:03.353756+00:00,france,e10,7152,2.1657,2.649,Verrières-en-Anjou (49480),1.98,Limogne-en-Quercy (46260)
2026-10-01T08:31:03.353756+00:00,npdc,gazole,444,2.3706,2.659,Étaples (62630),2.249,Haspres (59198)
2026-10-01T08:31:03.353756+00:00,npdc,e10,378,2.1327,2.439,Havrincourt (62147),1.99,La Sentinelle (59174)
2026-10-01T09:01:07.745423+00:00,france,gazole,8784,2.3866,2.9,Paris (75007),2.19,Lannilis (29870)
2026-10-01T09:01:07.745423+00:00,france,e10,7148,2.1656,2.649,Verrières-en-Anjou (49480),1.98,Limogne-en-Quercy (46260)
2026-10-01T09:01:07.745423+00:00,npdc,gazole,445,2.3693,2.659,Étaples (62630),2.249,Haspres (59198)
2026-10-01T09:01:07.745423+00:00,npdc,e10,380,2.1322,2.439,Havrincourt (62147),1.99,La Sentinelle (59174)
2026-10-01T09:30:34.024298+00:00,france,gazole,8786,2.3862,2.9,Paris (75007),2.19,Lannilis (29870)
2026-10-01T09:30:34.024298+00:00,france,e10,7151,2.1654,2.649,Verrières-en-Anjou (49480),1.98,Limogne-en-Quercy (46260)
2026-10-01T09:30:34.024298+00:00,npdc,gazole,446,2.3686,2.659,Étaples (62630),2.203,Caudry (59540)
2026-10-01T09:30:34.024298+00:00,npdc,e10,381,2.1316,2.439,Havrincourt (62147),1.99,La Sentinelle (59174)
2026-10-01T10:00:40.472562+00:00,france,gazole,8801,2.3855,2.9,Paris (75007),2.19,Lannilis (29870)
2026-10-01T10:00:40.472562+00:00,france,e10,7150,2.1651,2.649,Verrières-en-Anjou (49480),1.98,Limogne-en-Quercy (46260)
2026-10-01T10:00:40.472562+00:00,npdc,gazole,447,2.3682,2.659,Étaples (62630),2.203,Caudry (59540)
2026-10-01T10:00:40.472562+00:00,npdc,e10,382,2.1313,2.439,Havrincourt (62147),1.99,La Sentinelle (59174)
2026-10-01T10:30:35.432766+00:00,france,gazole,8787,2.3856,2.9,Paris (75007),2.19,Lannilis (29870)
2026-10-01T10:30:35.432766+00:00,france,e10,7141,2.1653,2.649,Verrières-en-Anjou (49480),1.98,Limogne-en-Quercy (46260)
2026-10-01T10:30:35.432766+00:00,npdc,gazole,447,2.3684,2.709,Étaples (62630),2.203,Caudry (59540)
2026-10-01T10:30:35.432766+00:00,npdc,e10,383,2.1309,2.439,Havrincourt (62147),1.99,La Sentinelle (59174)
2026-10-01T11:00:36.568051+00:00,france,gazole,8791,2.3859,2.9,Paris (75007),2.19,Lannilis (29870)
2026-10-01T11:00:36.568051+00:00,france,e10,7148,2.1652,2.649,Verrières-en-Anjou (49480),1.98,Limogne-en-Quercy (46260)
2026-10-01T11:00:36.568051+00:00,npdc,gazole,446,2.3682,2.659,Étaples (62630),2.203,Caudry (59540)
2026-10-01T11:00:36.568051+00:00,npdc,e10,380,2.1313,2.439,Havrincourt (62147),1.99,La Sentinelle (59174)
2026-10-01T11:30:39.276764+00:00,france,gazole,8787,2.3856,2.9,Paris (75007),2.19,Lannilis (29870)
2026-10-01T11:30:39.276764+00:00,france,e10,7140,2.1653,2.649,Verrières-en-Anjou (49480),1.98,Limogne-en-Quercy (46260)
2026-10-01T11:30:39.276764+00:00,npdc,gazole,447,2.3684,2.709,Étaples (62630),2.203,Caudry (59540)
2026-10-01T11:30:39.276764+00:00,npdc,e10,382,2.131,2.439,Havrincourt (62147),1.99,La Sentinelle (59174)
2026-10-01T12:00:57.418271+00:00,france,gazole,8781,2.3857,2.9,Paris (75007),2.19,Lannilis (29870)
2026-10-01T12:00:57.418271+00:00,france,e10,7132,2.1655,2.649,Verrières-en-Anjou (49480),1.98,Limogne-en-Quercy (46260)
2026-10-01T12:00:57.418271+00:00,npdc,gazole,447,2.3684,2.709,Étaples (62630),2.203,Caudry (59540)
2026-10-01T12:00:57.418271+00:00,npdc,e10,381,2.1313,2.439,Havrincourt (62147),1.99,La Sentinelle (59174)
2026-10-01T12:30:41.031465+00:00,france,gazole,8777,2.3856,2.9,Paris (75007),2.19,Lannilis (29870)
2026-10-01T12:30:41.031465+00:00,france,e10,7128,2.1655,2.649,Verrières-en-Anjou (49480),1.98,Limogne-en-Quercy (46260)
2026-10-01T12:30:41.031465+00:00,npdc,gazole,448,2.3683,2.709,Étaples (62630),2.203,Caudry (59540)
2026-10-01T12:30:41.031465+00:00,npdc,e10,382,2.1314,2.439,Havrincourt (62147),1.99,La Sentinelle (59174)
2026-10-01T13:00:46.492328+00:00,france,gazole,8776,2.3854,2.9,Paris (75007),2.19,Lannilis (29870)
2026-10-01T13:00:46.492328+00:00,france,e10,7121,2.1657,2.649,Verrières-en-Anjou (49480),1.98,Limogne-en-Quercy (46260)
2026-10-01T13:00:46.492328+00:00,npdc,gazole,448,2.3681,2.709,Étaples (62630),2.203,Caudry (59540)
2026-10-01T13:00:46.492328+00:00,npdc,e10,381,2.1317,2.439,Havrincourt (62147),1.99,La Sentinelle (59174)
2026-10-01T13:30:40.601810+00:00,france,gazole,8775,2.3855,2.9,Paris (75007),2.19,Lannilis (29870)
2026-10-01T13:30:40.601810+00:00,france,e10,7125,2.1656,2.649,Verrières-en-Anjou (49480),1.98,Limogne-en-Quercy (46260)
2026-10-01T13:30:40.601810+00:00,npdc,gazole,447,2.3685,2.709,Étaples (62630),2.203,Caudry (59540)
2026-10-01T13:30:40.601810+00:00,npdc,e10,382,2.1314,2.439,Havrincourt (62147),1.99,La Sentinelle (59174)
2026-10-01T14:00:49.981808+00:00,france,gazole,8767,2.3852,2.9,Paris (75007),2.19,Lannilis (29870)
2026-10-01T14:00:49.981808+00:00,france,e10,7107,2.1657,2.649,Verrières-en-Anjou (49480),1.98,Limogne-en-Quercy (46260)
2026-10-01T14:00:49.981808+00:00,npdc,gazole,450,2.3674,2.709,Étaples (62630),2.203,Caudry (59540)
2026-10-01T14:00:49.981808+00:00,npdc,e10,383,2.1307,2.439,Havrincourt (62147),1.99,Waziers (59119)
2026-10-01T14:30:41.683456+00:00,france,gazole,8761,2.3852,2.9,Paris (75007),2.19,Lannilis (29870)
2026-10-01T14:30:41.683456+00:00,france,e10,7111,2.1656,2.649,Verrières-en-Anjou (49480),1.98,Limogne-en-Quercy (46260)
2026-10-01T14:30:41.683456+00:00,npdc,gazole,448,2.3679,2.709,Étaples (62630),2.203,Caudry (59540)
2026-10-01T14:30:41.683456+00:00,npdc,e10,382,2.1308,2.439,Havrincourt (62147),1.99,Waziers (59119)
2026-10-01T14:47:08.648370+00:00,france,gazole,8761,2.3851,2.9,Paris (75007),2.19,Lannilis (29870)
2026-10-01T14:47:08.648370+00:00,france,e10,7110,2.1656,2.649,Verrières-en-Anjou (49480),1.98,Limogne-en-Quercy (46260)
2026-10-01T14:47:08.648370+00:00,npdc,gazole,448,2.3677,2.709,Étaples (62630),2.203,Caudry (59540)
2026-10-01T14:47:08.648370+00:00,npdc,e10,382,2.131,2.439,Havrincourt (62147),1.99,Waziers (59119)
2026-10-01T15:00:52.470992+00:00,france,gazole,8772,2.3854,2.9,Paris (75007),2.19,Lannilis (29870)
2026-10-01T15:00:52.470992+00:00,france,e10,7112,2.1657,2.649,Verrières-en-Anjou (49480),1.98,Limogne-en-Quercy (46260)
2026-10-01T15:00:52.470992+00:00,npdc,gazole,449,2.3678,2.709,Étaples (62630),2.203,Caudry (59540)
2026-10-01T15:00:52.470992+00:00,npdc,e10,382,2.1313,2.439,Havrincourt (62147),1.99,La Sentinelle (59174)
2026-10-01T15:28:38.304015+00:00,france,gazole,8748,2.3852,2.9,Paris (75007),2.19,Lannilis (29870)
2026-10-01T15:28:38.304015+00:00,france,e10,7101,2.1657,2.649,Verrières-en-Anjou (49480),1.98,Limogne-en-Quercy (46260)
2026-10-01T15:28:38.304015+00:00,npdc,gazole,447,2.3679,2.709,Étaples (62630),2.203,Caudry (59540)
2026-10-01T15:28:38.304015+00:00,npdc,e10,382,2.1309,2.439,Havrincourt (62147),1.99,Waziers (59119)
2026-10-01T15:30:46.333692+00:00,france,gazole,8748,2.3853,2.9,Paris (75007),2.19,Lannilis (29870)
2026-10-01T15:30:46.333692+00:00,france,e10,7102,2.1657,2.649,Verrières-en-Anjou (49480),1.98,Limogne-en-Quercy (46260)
2026-10-01T15:30:46.333692+00:00,npdc,gazole,447,2.3679,2.709,Étaples (62630),2.203,Caudry (59540)
2026-10-01T15:30:46.333692+00:00,npdc,e10,382,2.1309,2.439,Havrincourt (62147),1.99,Waziers (59119)
2026-10-01T16:00:38.343857+00:00,france,gazole,8743,2.3853,2.9,Paris (75007),2.19,Lannilis (29870)
2026-10-01T16:00:38.343857+00:00,france,e10,7100,2.1657,2.649,Verrières-en-Anjou (49480),1.98,Limogne-en-Quercy (46260)
2026-10-01T16:00:38.343857+00:00,npdc,gazole,445,2.3684,2.709,Étaples (62630),2.203,Caudry (59540)
2026-10-01T16:00:38.343857+00:00,npdc,e10,381,2.1313,2.439,Havrincourt (62147),1.99,Waziers (59119)
2026-10-01T16:30:44.792094+00:00,france,gazole,8744,2.3852,2.9,Paris (75007),2.19,Lannilis (29870)
2026-10-01T16:30:44.792094+00:00,france,e10,7102,2.1657,2.649,Verrières-en-Anjou (49480),1.98,Limogne-en-Quercy (46260)
2026-10-01T16:30:44.792094+00:00,npdc,gazole,444,2.3687,2.709,Étaples (62630),2.203,Caudry (59540)
2026-10-01T16:30:44.792094+00:00,npdc,e10,381,2.1311,2.439,Havrincourt (62147),1.99,Waziers (59119)
2026-10-01T17:00:46.930872+00:00,france,gazole,8739,2.3853,2.9,Paris (75007),2.19,Lannilis (29870)
2026-10-01T17:00:46.930872+00:00,france,e10,7099,2.1657,2.649,Verrières-en-Anjou (49480),1.98,Limogne-en-Quercy (46260)
2026-10-01T17:00:46.930872+00:00,npdc,gazole,445,2.3684,2.709,Étaples (62630),2.203,Caudry (59540)
2026-10-01T17:00:46.930872+00:00,npdc,e10,381,2.1313,2.439,Havrincourt (62147),1.99,Waziers (59119)
2026-10-01T17:30:45.603682+00:00,france,gazole,8715,2.3856,2.9,Paris (75007),2.19,Lannilis (29870)
2026-10-01T17:30:45.603682+00:00,france,e10,7092,2.1659,2.649,Verrières-en-Anjou (49480),1.98,Limogne-en-Quercy (46260)
2026-10-01T17:30:45.603682+00:00,npdc,gazole,444,2.3687,2.709,Étaples (62630),2.203,Caudry (59540)
2026-10-01T17:30:45.603682+00:00,npdc,e10,378,2.1322,2.439,Havrincourt (62147),1.99,Waziers (59119)
2026-10-01T18:00:40.618340+00:00,france,gazole,8700,2.3859,2.9,Paris (75007),2.19,Lannilis (29870)
2026-10-01T18:00:40.618340+00:00,france,e10,7074,2.1664,2.649,Verrières-en-Anjou (49480),1.98,Limogne-en-Quercy (46260)
2026-10-01T18:00:40.618340+00:00,npdc,gazole,444,2.3687,2.709,Étaples (62630),2.203,Caudry (59540)
2026-10-01T18:00:40.618340+00:00,npdc,e10,375,2.1333,2.439,Havrincourt (62147),1.99,Waziers (59119)
2026-10-01T18:30:36.731478+00:00,france,gazole,8724,2.3855,2.9,Paris (75007),2.19,Lannilis (29870)
2026-10-01T18:30:36.731478+00:00,france,e10,7098,2.1658,2.649,Verrières-en-Anjou (49480),1.98,Limogne-en-Quercy (46260)
2026-10-01T18:30:36.731478+00:00,npdc,gazole,444,2.3687,2.709,Étaples (62630),2.203,Caudry (59540)
2026-10-01T18:30:36.731478+00:00,npdc,e10,380,2.1314,2.439,Havrincourt (62147),1.99,Waziers (59119)
2026-10-01T19:00:45.141545+00:00,france,gazole,8669,2.3862,2.9,Paris (75007),2.19,Lannilis (29870)
2026-10-01T19:00:45.141545+00:00,france,e10,7037,2.1671,2.649,Verrières-en-Anjou (49480),1.98,Limogne-en-Quercy (46260)
2026-10-01T19:00:45.141545+00:00,npdc,gazole,441,2.3693,2.709,Étaples (62630),2.203,Caudry (59540)
2026-10-01T19:00:45.141545+00:00,npdc,e10,372,2.1342,2.439,Havrincourt (62147),1.99,Waziers (59119)
2026-10-01T19:30:33.764401+00:00,france,gazole,8679,2.3862,2.9,Paris (75007),2.19,Lannilis (29870)
2026-10-01T19:30:33.764401+00:00,france,e10,7059,2.1667,2.649,Verrières-en-Anjou (49480),1.98,Limogne-en-Quercy (46260)
2026-10-01T19:30:33.764401+00:00,npdc,gazole,441,2.3695,2.709,Étaples (62630),2.203,Caudry (59540)
2026-10-01T19:30:33.764401+00:00,npdc,e10,372,2.1345,2.439,Havrincourt (62147),1.99,Waziers (59119)
2026-10-01T20:00:53.651452+00:00,france,gazole,8668,2.3862,2.9,Paris (75007),2.19,Lannilis (29870)
2026-10-01T20:00:53.651452+00:00,france,e10,7035,2.1671,2.649,Verrières-en-Anjou (49480),1.98,Limogne-en-Quercy (46260)
2026-10-01T20:00:53.651452+00:00,npdc,gazole,441,2.3693,2.709,Étaples (62630),2.203,Caudry (59540)
2026-10-01T20:00:53.651452+00:00,npdc,e10,372,2.1342,2.439,Havrincourt (62147),1.99,Waziers (59119)
2026-10-01T20:30:39.672903+00:00,france,gazole,8653,2.3864,2.9,Paris (75007),2.19,Lannilis (29870)
2026-10-01T20:30:39.672903+00:00,france,e10,7017,2.1676,2.649,Verrières-en-Anjou (49480),1.98,Limogne-en-Quercy (46260)
2026-10-01T20:30:39.672903+00:00,npdc,gazole,437,2.3704,2.709,Étaples (62630),2.203,Caudry (59540)
2026-10-01T20:30:39.672903+00:00,npdc,e10,367,2.1362,2.439,Havrincourt (62147),1.99,La Sentinelle (59174)
2026-10-01T21:00:49.681238+00:00,france,gazole,8650,2.3865,2.9,Paris (75007),2.19,Lannilis (29870)
2026-10-01T21:00:49.681238+00:00,france,e10,7015,2.1676,2.649,Verrières-en-Anjou (49480),1.98,Limogne-en-Quercy (46260)
2026-10-01T21:00:49.681238+00:00,npdc,gazole,437,2.3704,2.709,Étaples (62630),2.203,Caudry (59540)
2026-10-01T21:00:49.681238+00:00,npdc,e10,367,2.1362,2.439,Havrincourt (62147),1.99,La Sentinelle (59174)
2026-10-01T21:03:00.147576+00:00,france,gazole,8656,2.3864,2.9,Paris (75007),2.19,Lannilis (29870)
2026-10-01T21:03:00.147576+00:00,france,e10,7019,2.1675,2.649,Verrières-en-Anjou (49480),1.98,Limogne-en-Quercy (46260)
2026-10-01T21:03:00.147576+00:00,npdc,gazole,438,2.3701,2.709,Étaples (62630),2.203,Caudry (59540)
2026-10-01T21:03:00.147576+00:00,npdc,e10,368,2.1358,2.439,Havrincourt (62147),1.99,La Sentinelle (59174)
2026-10-01T21:30:31.942770+00:00,france,gazole,8649,2.3865,2.9,Paris (75007),2.19,Lannilis (29870)
2026-10-01T21:30:31.942770+00:00,france,e10,7014,2.1677,2.649,Verrières-en-Anjou (49480),1.98,Limogne-en-Quercy (46260)
2026-10-01T21:30:31.942770+00:00,npdc,gazole,436,2.3707,2.709,Étaples (62630),2.203,Caudry (59540)
2026-10-01T21:30:31.942770+00:00,npdc,e10,367,2.1362,2.439,Havrincourt (62147),1.99,La Sentinelle (59174)
2026-10-01T22:00:45.976360+00:00,france,gazole,8649,2.3865,2.9,Paris (75007),2.19,Lannilis (29870)
2026-10-01T22:00:45.976360+00:00,france,e10,7014,2.1677,2.649,Verrières-en-Anjou (49480),1.98,Limogne-en-Quercy (46260)
2026-10-01T22:00:45.976360+00:00,npdc,gazole,436,2.3705,2.709,Étaples (62630),2.203,Caudry (59540)
2026-10-01T22:00:45.976360+00:00,npdc,e10,367,2.136,2.439,Havrincourt (62147),1.99,La Sentinelle (59174)
2026-10-01T22:30:39.962605+00:00,france,gazole,8648,2.3865,2.9,Paris (75007),2.19,Lannilis (29870)
2026-10-01T22:30:39.962605+00:00,france,e10,7013,2.1677,2.649,Verrières-en-Anjou (49480),1.98,Limogne-en-Quercy (46260)
2026-10-01T22:30:39.962605+00:00,npdc,gazole,436,2.3705,2.709,Étaples (62630),2.203,Caudry (59540)
2026-10-01T22:30:39.962605+00:00,npdc,e10,367,2.136,2.439,Havrincourt (62147),1.99,La Sentinelle (59174)
2026-10-01T23:00:43.403220+00:00,france,gazole,8648,2.3865,2.9,Paris (75007),2.19,Lannilis (29870)
2026-10-01T23:00:43.403220+00:00,france,e10,7012,2.1677,2.649,Verrières-en-Anjou (49480),1.98,Limogne-en-Quercy (46260)
2026-10-01T23:00:43.403220+00:00,npdc,gazole,436,2.3705,2.709,Étaples (62630),2.203,Caudry (59540)
2026-10-01T23:00:43.403220+00:00,npdc,e10,367,2.136,2.439,Havrincourt (62147),1.99,La Sentinelle (59174)
2026-10-01T23:30:34.839052+00:00,france,gazole,8733,2.3851,2.9,Paris (75007),2.19,Lannilis (29870)
2026-10-01T23:30:34.839052+00:00,france,e10,7104,2.1654,2.649,Verrières-en-Anjou (49480),1.98,Limogne-en-Quercy (46260)
2026-10-01T23:30:34.839052+00:00,npdc,gazole,440,2.3694,2.709,Étaples (62630),2.203,Caudry (59540)
2026-10-01T23:30:34.839052+00:00,npdc,e10,371,2.1345,2.439,Havrincourt (62147),1.99,La Sentinelle (59174)
2026-10-02T00:00:45.904156+00:00,france,gazole,8649,2.3865,2.9,Paris (75007),2.19,Lannilis (29870)
2026-10-02T00:00:45.904156+00:00,france,e10,7013,2.1677,2.649,Verrières-en-Anjou (49480),1.98,Limogne-en-Quercy (46260)
2026-10-02T00:00:45.904156+00:00,npdc,gazole,436,2.3705,2.709,Étaples (62630),2.203,Caudry (59540)
2026-10-02T00:00:45.904156+00:00,npdc,e10,367,2.136,2.439,Havrincourt (62147),1.99,La Sentinelle (59174)
2026-10-02T00:30:34.639360+00:00,france,gazole,8733,2.3851,2.9,Paris (75007),2.19,Lannilis (29870)
2026-10-02T00:30:34.639360+00:00,france,e10,7104,2.1653,2.649,Verrières-en-Anjou (49480),1.98,Limogne-en-Quercy (46260)
2026-10-02T00:30:34.639360+00:00,npdc,gazole,440,2.3694,2.709,Étaples (62630),2.203,Caudry (59540)
2026-10-02T00:30:34.639360+00:00,npdc,e10,371,2.1345,2.439,Havrincourt (62147),1.99,La Sentinelle (59174)
2026-10-02T01:00:42.217654+00:00,france,gazole,8732,2.3852,2.9,Paris (75007),2.19,Lannilis (29870)
2026-10-02T01:00:42.217654+00:00,france,e10,7103,2.1653,2.649,Verrières-en-Anjou (49480),1.98,Limogne-en-Quercy (46260)
2026-10-02T01:00:42.217654+00:00,npdc,gazole,440,2.3694,2.709,Étaples (62630),2.203,Caudry (59540)
2026-10-02T01:00:42.217654+00:00,npdc,e10,371,2.1345,2.439,Havrincourt (62147),1.99,La Sentinelle (59174)
2026-10-02T01:30:30.017624+00:00,france,gazole,8732,2.3851,2.9,Paris (75007),2.19,Lannilis (29870)
2026-10-02T01:30:30.017624+00:00,france,e10,7103,2.1653,2.649,Verrières-en-Anjou (49480),1.98,Limogne-en-Quercy (46260)
2026-10-02T01:30:30.017624+00:00,npdc,gazole,440,2.3694,2.709,Étaples (62630),2.203,Caudry (59540)
2026-10-02T01:30:30.017624+00:00,npdc,e10,371,2.1345,2.439,Havrincourt (62147),1.99,La Sentinelle (59174)
2026-10-02T02:00:41.687090+00:00,france,gazole,8732,2.3851,2.9,Paris (75007),2.19,Lannilis (29870)
2026-10-02T02:00:41.687090+00:00,france,e10,7103,2.1653,2.649,Verrières-en-Anjou (49480),1.98,Limogne-en-Quercy (46260)
2026-10-02T02:00:41.687090+00:00,npdc,gazole,440,2.3694,2.709,Étaples (62630),2.203,Caudry (59540)
2026-10-02T02:00:41.687090+00:00,npdc,e10,371,2.1345,2.439,Havrincourt (62147),1.99,La Sentinelle (59174)
2026-10-02T02:30:30.738579+00:00,france,gazole,8732,2.3851,2.9,Paris (75007),2.19,Lannilis (29870)
2026-10-02T02:30:30.738579+00:00,france,e10,7103,2.1653,2.649,Verrières-en-Anjou (49480),1.98,Limogne-en-Quercy (46260)
2026-10-02T02:30:30.738579+00:00,npdc,gazole,440,2.3694,2.709,Étaples (62630),2.203,Caudry (59540)
2026-10-02T02:30:30.738579+00:00,npdc,e10,371,2.1345,2.439,Havrincourt (62147),1.99,La Sentinelle (59174)
2026-10-02T03:00:38.546213+00:00,france,gazole,8732,2.3852,2.9,Paris (75007),2.19,Lannilis (29870)
2026-10-02T03:00:38.546213+00:00,france,e10,7103,2.1653,2.649,Verrières-en-Anjou (49480),1.98,Limogne-en-Quercy (46260)
2026-10-02T03:00:38.546213+00:00,npdc,gazole,440,2.3694,2.709,Étaples (62630),2.203,Caudry (59540)
2026-10-02T03:00:38.546213+00:00,npdc,e10,371,2.1345,2.439,Havrincourt (62147),1.99,La Sentinelle (59174)
2026-10-02T03:30:29.445277+00:00,france,gazole,8732,2.3851,2.9,Paris (75007),2.19,Lannilis (29870)
2026-10-02T03:30:29.445277+00:00,france,e10,7102,2.1654,2.649,Verrières-en-Anjou (49480),1.98,Limogne-en-Quercy (46260)
2026-10-02T03:30:29.445277+00:00,npdc,gazole,440,2.3694,2.709,Étaples (62630),2.203,Caudry (59540)
2026-10-02T03:30:29.445277+00:00,npdc,e10,371,2.1345,2.439,Havrincourt (62147),1.99,La Sentinelle (59174)
2026-10-02T04:00:40.294535+00:00,france,gazole,8732,2.3851,2.9,Paris (75007),2.19,Lannilis (29870)
2026-10-02T04:00:40.294535+00:00,france,e10,7102,2.1654,2.649,Verrières-en-Anjou (49480),1.98,Limogne-en-Quercy (46260)
2026-10-02T04:00:40.294535+00:00,npdc,gazole,440,2.3694,2.709,Étaples (62630),2.203,Caudry (59540)
2026-10-02T04:00:40.294535+00:00,npdc,e10,371,2.1345,2.439,Havrincourt (62147),1.99,La Sentinelle (59174)
2026-10-02T04:30:30.195338+00:00,france,gazole,8732,2.3851,2.9,Paris (75007),2.19,Lannilis (29870)
2026-10-02T04:30:30.195338+00:00,france,e10,7102,2.1653,2.649,Verrières-en-Anjou (49480),1.98,Limogne-en-Quercy (46260)
2026-10-02T04:30:30.195338+00:00,npdc,gazole,440,2.3694,2.709,Étaples (62630),2.203,Caudry (59540)
2026-10-02T04:30:30.195338+00:00,npdc,e10,371,2.1345,2.439,Havrincourt (62147),1.99,La Sentinelle (59174)
2026-10-02T05:00:41.233856+00:00,france,gazole,8736,2.385,2.9,Paris (75007),2.19,Lannilis (29870)
2026-10-02T05:00:41.233856+00:00,france,e10,7108,2.1652,2.649,Verrières-en-Anjou (49480),1.98,Limogne-en-Quercy (46260)
2026-10-02T05:00:41.233856+00:00,npdc,gazole,443,2.3686,2.709,Étaples (62630),2.203,Caudry (59540)
2026-10-02T05:00:41.233856+00:00,npdc,e10,374,2.1333,2.439,Havrincourt (62147),1.99,Waziers (59119)
2026-10-02T05:30:28.267728+00:00,france,gazole,8739,2.385,2.9,Paris (75007),2.19,Lannilis (29870)
2026-10-02T05:30:28.267728+00:00,france,e10,7114,2.1651,2.649,Verrières-en-Anjou (49480),1.98,Limogne-en-Quercy (46260)
2026-10-02T05:30:28.267728+00:00,npdc,gazole,445,2.3681,2.709,Étaples (62630),2.203,Caudry (59540)
2026-10-02T05:30:28.267728+00:00,npdc,e10,376,2.1325,2.439,Havrincourt (62147),1.99,Waziers (59119)
2026-10-02T05:41:54.856746+00:00,france,gazole,8732,2.3851,2.9,Paris (75007),2.19,Lannilis (29870)
2026-10-02T05:41:54.856746+00:00,france,e10,7102,2.1653,2.649,Verrières-en-Anjou (49480),1.98,Limogne-en-Quercy (46260)
2026-10-02T05:41:54.856746+00:00,npdc,gazole,440,2.3694,2.709,Étaples (62630),2.203,Caudry (59540)
2026-10-02T05:41:54.856746+00:00,npdc,e10,371,2.1345,2.439,Havrincourt (62147),1.99,La Sentinelle (59174)
2026-10-02T06:00:33.151522+00:00,france,gazole,8748,2.3847,2.9,Paris (75007),2.19,Lannilis (29870)
2026-10-02T06:00:33.151522+00:00,france,e10,7125,2.1648,2.649,Verrières-en-Anjou (49480),1.98,Limogne-en-Quercy (46260)
2026-10-02T06:00:33.151522+00:00,npdc,gazole,447,2.3676,2.709,Étaples (62630),2.203,Caudry (59540)
2026-10-02T06:00:33.151522+00:00,npdc,e10,378,2.1318,2.439,Havrincourt (62147),1.99,Waziers (59119)
2026-10-02T06:30:28.380539+00:00,france,gazole,8758,2.3844,2.9,Paris (75007),2.19,Lannilis (29870)
2026-10-02T06:30:28.380539+00:00,france,e10,7135,2.1644,2.649,Verrières-en-Anjou (49480),1.98,Limogne-en-Quercy (46260)
2026-10-02T06:30:28.380539+00:00,npdc,gazole,447,2.3676,2.709,Étaples (62630),2.203,Caudry (59540)
2026-10-02T06:30:28.380539+00:00,npdc,e10,377,2.1321,2.439,Havrincourt (62147),1.99,Waziers (59119)
2026-10-02T07:00:41.253483+00:00,france,gazole,8775,2.384,2.9,Paris (75007),2.19,Lannilis (29870)
2026-10-02T07:00:41.253483+00:00,france,e10,7137,2.1644,2.649,Verrières-en-Anjou (49480),1.98,Limogne-en-Quercy (46260)
2026-10-02T07:00:41.253483+00:00,npdc,gazole,448,2.3671,2.709,Étaples (62630),2.203,Caudry (59540)
2026-10-02T07:00:41.253483+00:00,npdc,e10,377,2.1321,2.439,Havrincourt (62147),1.99,Waziers (59119)
2026-10-02T07:30:28.742774+00:00,france,gazole,8760,2.3843,2.9,Paris (75007),1.338,Châteaulin (29150)
2026-10-02T07:30:28.742774+00:00,france,e10,7134,2.1645,2.649,Verrières-en-Anjou (49480),1.98,Limogne-en-Quercy (46260)
2026-10-02T07:30:28.742774+00:00,npdc,gazole,447,2.3674,2.709,Étaples (62630),2.203,Caudry (59540)
2026-10-02T07:30:28.742774+00:00,npdc,e10,377,2.1321,2.439,Havrincourt (62147),1.99,Waziers (59119)
2026-10-02T08:00:40.122041+00:00,france,gazole,8781,2.3835,2.9,Paris (75007),1.25,Saint-Maximin-la-Sainte-Baume (83470)
2026-10-02T08:00:40.122041+00:00,france,e10,7156,2.1638,2.649,Verrières-en-Anjou (49480),1.98,Limogne-en-Quercy (46260)
2026-10-02T08:00:40.122041+00:00,npdc,gazole,448,2.3672,2.709,Étaples (62630),2.203,Caudry (59540)
2026-10-02T08:00:40.122041+00:00,npdc,e10,377,2.1318,2.439,Havrincourt (62147),1.99,Waziers (59119)
2026-10-02T08:30:22.777569+00:00,france,gazole,8779,2.3839,2.9,Paris (75007),1.25,Saint-Maximin-la-Sainte-Baume (83470)
2026-10-02T08:30:22.777569+00:00,france,e10,7146,2.1642,2.649,Verrières-en-Anjou (49480),1.98,Limogne-en-Quercy (46260)
2026-10-02T08:30:22.777569+00:00,npdc,gazole,447,2.3675,2.709,Étaples (62630),2.203,Caudry (59540)
2026-10-02T08:30:22.777569+00:00,npdc,e10,377,2.132,2.439,Havrincourt (62147),1.99,Waziers (59119)
2026-10-02T09:00:45.661402+00:00,france,gazole,8780,2.3833,2.9,Sausheim (68390),1.25,Saint-Maximin-la-Sainte-Baume (83470)
2026-10-02T09:00:45.661402+00:00,france,e10,7150,2.1641,2.689,Mionnay (01390),1.98,Limogne-en-Quercy (46260)
2026-10-02T09:00:45.661402+00:00,npdc,gazole,450,2.3663,2.771,Étaples (62630),2.203,Caudry (59540)
2026-10-02T09:00:45.661402+00:00,npdc,e10,377,2.1311,2.439,Havrincourt (62147),1.99,Waziers (59119)
2026-10-02T09:30:45.110768+00:00,france,gazole,8789,2.3829,2.9,Sausheim (68390),1.25,Saint-Maximin-la-Sainte-Baume (83470)
2026-10-02T09:30:45.110768+00:00,france,e10,7149,2.1641,2.689,Mionnay (01390),1.98,Limogne-en-Quercy (46260)
2026-10-02T09:30:45.110768+00:00,npdc,gazole,448,2.3667,2.771,Étaples (62630),2.203,Caudry (59540)
2026-10-02T09:30:45.110768+00:00,npdc,e10,375,2.132,2.439,Havrincourt (62147),1.99,Waziers (59119)
2026-10-02T10:00:48.235370+00:00,france,gazole,8785,2.3829,2.9,Sausheim (68390),2.19,Lannilis (29870)
2026-10-02T10:00:48.235370+00:00,france,e10,7142,2.1641,2.689,Mionnay (01390),1.98,Limogne-en-Quercy (46260)
2026-10-02T10:00:48.235370+00:00,npdc,gazole,448,2.3667,2.771,Étaples (62630),2.203,Caudry (59540)
2026-10-02T10:00:48.235370+00:00,npdc,e10,375,2.1319,2.439,Havrincourt (62147),1.99,Waziers (59119)
2026-10-02T10:30:44.823863+00:00,france,gazole,8783,2.3826,2.9,Sausheim (68390),1.25,Saint-Ouen-l'Aumône (95310)
2026-10-02T10:30:44.823863+00:00,france,e10,7139,2.1639,2.689,Mionnay (01390),1.98,Limogne-en-Quercy (46260)
2026-10-02T10:30:44.823863+00:00,npdc,gazole,446,2.3668,2.771,Étaples (62630),2.225,Roubaix (59100)
2026-10-02T10:30:44.823863+00:00,npdc,e10,377,2.1308,2.439,Havrincourt (62147),1.99,Waziers (59119)
2026-10-02T11:00:47.339874+00:00,france,gazole,8782,2.3826,2.9,Sausheim (68390),2.19,Lannilis (29870)
2026-10-02T11:00:47.339874+00:00,france,e10,7129,2.1642,2.689,Mionnay (01390),1.98,Limogne-en-Quercy (46260)
2026-10-02T11:00:47.339874+00:00,npdc,gazole,445,2.3668,2.771,Étaples (62630),2.225,Roubaix (59100)
2026-10-02T11:00:47.339874+00:00,npdc,e10,375,2.1315,2.439,Havrincourt (62147),1.99,Waziers (59119)
2026-10-02T11:30:45.440723+00:00,france,gazole,8782,2.3826,2.9,Sausheim (68390),2.19,Lannilis (29870)
2026-10-02T11:30:45.440723+00:00,france,e10,7129,2.1642,2.689,Mionnay (01390),1.98,Limogne-en-Quercy (46260)
2026-10-02T11:30:45.440723+00:00,npdc,gazole,445,2.3668,2.771,Étaples (62630),2.225,Roubaix (59100)
2026-10-02T11:30:45.440723+00:00,npdc,e10,375,2.1315,2.439,Havrincourt (62147),1.99,Waziers (59119)
2026-10-02T12:00:52.439815+00:00,france,gazole,8781,2.3827,2.9,Sausheim (68390),1.25,Saint-Ouen-l'Aumône (95310)
2026-10-02T12:00:52.439815+00:00,france,e10,7141,2.1639,2.689,Mionnay (01390),1.98,Limogne-en-Quercy (46260)
2026-10-02T12:00:52.439815+00:00,npdc,gazole,448,2.3664,2.771,Étaples (62630),2.203,Caudry (59540)
2026-10-02T12:00:52.439815+00:00,npdc,e10,378,2.1309,2.439,Havrincourt (62147),1.99,Waziers (59119)
2026-10-02T12:30:45.366928+00:00,france,gazole,8779,2.3823,2.9,Sausheim (68390),2.19,Lannilis (29870)
2026-10-02T12:30:45.366928+00:00,france,e10,7123,2.1641,2.689,Mionnay (01390),1.98,Limogne-en-Quercy (46260)
2026-10-02T12:30:45.366928+00:00,npdc,gazole,444,2.3667,2.771,Étaples (62630),2.225,Roubaix (59100)
2026-10-02T12:30:45.366928+00:00,npdc,e10,373,2.1318,2.439,Havrincourt (62147),1.99,Waziers (59119)
2026-10-02T13:00:46.502150+00:00,france,gazole,8782,2.3822,2.9,Sausheim (68390),2.19,Lannilis (29870)
2026-10-02T13:00:46.502150+00:00,france,e10,7124,2.164,2.689,Mionnay (01390),1.98,Limogne-en-Quercy (46260)
2026-10-02T13:00:46.502150+00:00,npdc,gazole,444,2.3666,2.771,Étaples (62630),2.225,Roubaix (59100)
2026-10-02T13:00:46.502150+00:00,npdc,e10,374,2.1314,2.439,Havrincourt (62147),1.99,Waziers (59119)
2026-10-02T13:30:46.074262+00:00,france,gazole,8783,2.3825,2.9,Sausheim (68390),2.19,Lannilis (29870)
2026-10-02T13:30:46.074262+00:00,france,e10,7129,2.1641,2.689,Mionnay (01390),1.98,Limogne-en-Quercy (46260)
2026-10-02T13:30:46.074262+00:00,npdc,gazole,445,2.3668,2.771,Étaples (62630),2.225,Roubaix (59100)
2026-10-02T13:30:46.074262+00:00,npdc,e10,375,2.1314,2.439,Havrincourt (62147),1.99,Waziers (59119)
2026-10-02T14:02:10.901775+00:00,france,gazole,8778,2.3822,2.9,Sausheim (68390),1.99,Trans-en-Provence (83720)
2026-10-02T14:02:10.901775+00:00,france,e10,7131,2.1639,2.689,Mionnay (01390),1.98,Limogne-en-Quercy (46260)
2026-10-02T14:02:10.901775+00:00,npdc,gazole,444,2.3664,2.771,Étaples (62630),2.225,Roubaix (59100)
2026-10-02T14:02:10.901775+00:00,npdc,e10,377,2.1306,2.439,Havrincourt (62147),1.99,Waziers (59119)
2026-10-02T14:09:55.148174+00:00,france,gazole,8777,2.3822,2.9,Sausheim (68390),1.99,Trans-en-Provence (83720)
2026-10-02T14:09:55.148174+00:00,france,e10,7122,2.164,2.689,Mionnay (01390),1.98,Limogne-en-Quercy (46260)
2026-10-02T14:09:55.148174+00:00,npdc,gazole,444,2.3664,2.771,Étaples (62630),2.225,Roubaix (59100)
2026-10-02T14:09:55.148174+00:00,npdc,e10,376,2.1311,2.439,Havrincourt (62147),1.99,Waziers (59119)
2026-10-02T14:30:46.195720+00:00,france,gazole,8781,2.3822,2.9,Sausheim (68390),2.19,Lannilis (29870)
2026-10-02T14:30:46.195720+00:00,france,e10,7130,2.1639,2.689,Mionnay (01390),1.98,Limogne-en-Quercy (46260)
2026-10-02T14:30:46.195720+00:00,npdc,gazole,443,2.3668,2.771,Étaples (62630),2.225,Roubaix (59100)
2026-10-02T14:30:46.195720+00:00,npdc,e10,376,2.1311,2.439,Havrincourt (62147),1.99,Waziers (59119)
2026-10-02T14:45:37.344315+00:00,france,gazole,8780,2.3821,2.9,Sausheim (68390),1.99,Trans-en-Provence (83720)
2026-10-02T14:45:37.344315+00:00,france,e10,7123,2.164,2.689,Mionnay (01390),1.98,Limogne-en-Quercy (46260)
2026-10-02T14:45:37.344315+00:00,npdc,gazole,444,2.3664,2.771,Étaples (62630),2.225,Roubaix (59100)
2026-10-02T14:45:37.344315+00:00,npdc,e10,375,2.1315,2.439,Havrincourt (62147),1.99,Waziers (59119)
2026-10-02T15:00:50.674241+00:00,france,gazole,8776,2.3822,2.9,Sausheim (68390),1.99,Trans-en-Provence (83720)
2026-10-02T15:00:50.674241+00:00,france,e10,7118,2.1641,2.689,Mionnay (01390),1.98,Limogne-en-Quercy (46260)
2026-10-02T15:00:50.674241+00:00,npdc,gazole,444,2.3664,2.771,Étaples (62630),2.225,Roubaix (59100)
2026-10-02T15:00:50.674241+00:00,npdc,e10,375,2.1315,2.439,Havrincourt (62147),1.99,Waziers (59119)
2026-10-02T15:30:45.403553+00:00,france,gazole,8768,2.3822,2.9,Sausheim (68390),1.99,Trans-en-Provence (83720)
2026-10-02T15:30:45.403553+00:00,france,e10,7109,2.1643,2.689,Mionnay (01390),1.98,Limogne-en-Quercy (46260)
2026-10-02T15:30:45.403553+00:00,npdc,gazole,444,2.3663,2.771,Étaples (62630),2.225,Roubaix (59100)
2026-10-02T15:30:45.403553+00:00,npdc,e10,375,2.1314,2.439,Havrincourt (62147),1.99,Waziers (59119)
2026-10-02T16:00:47.989764+00:00,france,gazole,8760,2.3823,2.9,Sausheim (68390),1.99,Trans-en-Provence (83720)
2026-10-02T16:00:47.989764+00:00,france,e10,7104,2.1644,2.689,Mionnay (01390),1.98,Limogne-en-Quercy (46260)
2026-10-02T16:00:47.989764+00:00,npdc,gazole,444,2.3662,2.771,Étaples (62630),2.225,Roubaix (59100)
2026-10-02T16:00:47.989764+00:00,npdc,e10,375,2.1313,2.439,Havrincourt (62147),1.99,Waziers (59119)
2026-10-02T16:30:45.969903+00:00,france,gazole,8768,2.3822,2.9,Sausheim (68390),1.99,Trans-en-Provence (83720)
2026-10-02T16:30:45.969903+00:00,france,e10,7110,2.1643,2.689,Mionnay (01390),1.98,Limogne-en-Quercy (46260)
2026-10-02T16:30:45.969903+00:00,npdc,gazole,444,2.3663,2.771,Étaples (62630),2.225,Roubaix (59100)
2026-10-02T16:30:45.969903+00:00,npdc,e10,375,2.1314,2.439,Havrincourt (62147),1.99,Waziers (59119)
2026-10-02T17:00:49.094051+00:00,france,gazole,8743,2.3825,2.9,Sausheim (68390),2.19,Lannilis (29870)
2026-10-02T17:00:49.094051+00:00,france,e10,7093,2.1647,2.689,Mionnay (01390),1.98,Limogne-en-Quercy (46260)
2026-10-02T17:00:49.094051+00:00,npdc,gazole,443,2.3665,2.771,Étaples (62630),2.225,Roubaix (59100)
2026-10-02T17:00:49.094051+00:00,npdc,e10,374,2.1317,2.439,Havrincourt (62147),1.99,Waziers (59119)
2026-10-02T17:30:47.582097+00:00,france,gazole,8712,2.3829,2.9,Sausheim (68390),2.19,Lannilis (29870)
2026-10-02T17:30:47.582097+00:00,france,e10,7064,2.1653,2.689,Mionnay (01390),1.98,Limogne-en-Quercy (46260)
2026-10-02T17:30:47.582097+00:00,npdc,gazole,444,2.3662,2.771,Étaples (62630),2.225,Roubaix (59100)
2026-10-02T17:30:47.582097+00:00,npdc,e10,375,2.1313,2.439,Havrincourt (62147),1.99,Waziers (59119)
2026-10-02T18:00:47.025871+00:00,france,gazole,8728,2.3827,2.9,Sausheim (68390),2.19,Lannilis (29870)
2026-10-02T18:00:47.025871+00:00,france,e10,7078,2.165,2.689,Mionnay (01390),1.98,Limogne-en-Quercy (46260)
2026-10-02T18:00:47.025871+00:00,npdc,gazole,443,2.3664,2.771,Étaples (62630),2.225,Roubaix (59100)
2026-10-02T18:00:47.025871+00:00,npdc,e10,374,2.1317,2.439,Havrincourt (62147),1.99,Waziers (59119)
2026-10-02T18:30:46.344595+00:00,france,gazole,8691,2.3832,2.9,Sausheim (68390),2.19,Lannilis (29870)
2026-10-02T18:30:46.344595+00:00,france,e10,7047,2.1657,2.689,Mionnay (01390),1.98,Limogne-en-Quercy (46260)
2026-10-02T18:30:46.344595+00:00,npdc,gazole,443,2.3664,2.771,Étaples (62630),2.225,Roubaix (59100)
2026-10-02T18:30:46.344595+00:00,npdc,e10,374,2.1317,2.439,Havrincourt (62147),1.99,Waziers (59119)
2026-10-02T19:00:47.501344+00:00,france,gazole,8656,2.3836,2.9,Sausheim (68390),2.19,Lannilis (29870)
2026-10-02T19:00:47.501344+00:00,france,e10,7006,2.1667,2.689,Mionnay (01390),1.98,Limogne-en-Quercy (46260)
2026-10-02T19:00:47.501344+00:00,npdc,gazole,443,2.3664,2.771,Étaples (62630),2.225,Roubaix (59100)
2026-10-02T19:00:47.501344+00:00,npdc,e10,374,2.1317,2.439,Havrincourt (62147),1.99,La Sentinelle (59174)
2026-10-02T19:30:46.311421+00:00,france,gazole,8647,2.3837,2.9,Sausheim (68390),2.19,Lannilis (29870)
2026-10-02T19:30:46.311421+00:00,france,e10,7001,2.1667,2.689,Mionnay (01390),1.98,Limogne-en-Quercy (46260)
2026-10-02T19:30:46.311421+00:00,npdc,gazole,442,2.3665,2.771,Étaples (62630),2.225,Roubaix (59100)
2026-10-02T19:30:46.311421+00:00,npdc,e10,375,2.1311,2.439,Havrincourt (62147),1.99,La Sentinelle (59174)
2026-10-02T20:00:45.952389+00:00,france,gazole,8675,2.3834,2.9,Sausheim (68390),2.19,Lannilis (29870)
2026-10-02T20:00:45.952389+00:00,france,e10,7026,2.1662,2.689,Mionnay (01390),1.98,Limogne-en-Quercy (46260)
2026-10-02T20:00:45.952389+00:00,npdc,gazole,443,2.3664,2.771,Étaples (62630),2.225,Roubaix (59100)
2026-10-02T20:00:45.952389+00:00,npdc,e10,372,2.1325,2.439,Havrincourt (62147),1.99,La Sentinelle (59174)
2026-10-02T20:30:45.184505+00:00,france,gazole,8621,2.384,2.9,Sausheim (68390),2.19,Lannilis (29870)
2026-10-02T20:30:45.184505+00:00,france,e10,6977,2.1673,2.689,Mionnay (01390),1.98,Limogne-en-Quercy (46260)
2026-10-02T20:30:45.184505+00:00,npdc,gazole,437,2.3678,2.771,Étaples (62630),2.225,Roubaix (59100)
2026-10-02T20:30:45.184505+00:00,npdc,e10,369,2.1333,2.439,Havrincourt (62147),1.99,La Sentinelle (59174)
2026-10-02T20:46:49.276882+00:00,france,gazole,8619,2.3841,2.9,Sausheim (68390),2.19,Lannilis (29870)
2026-10-02T20:46:49.276882+00:00,france,e10,6972,2.1674,2.689,Mionnay (01390),1.98,Limogne-en-Quercy (46260)
2026-10-02T20:46:49.276882+00:00,npdc,gazole,437,2.3678,2.771,Étaples (62630),2.225,Roubaix (59100)
2026-10-02T20:46:49.276882+00:00,npdc,e10,369,2.1333,2.439,Havrincourt (62147),1.99,La Sentinelle (59174)
2026-10-02T21:00:44.277487+00:00,france,gazole,8631,2.3839,2.9,Sausheim (68390),2.19,Lannilis (29870)
2026-10-02T21:00:44.277487+00:00,france,e10,6987,2.167,2.689,Mionnay (01390),1.98,Limogne-en-Quercy (46260)
2026-10-02T21:00:44.277487+00:00,npdc,gazole,438,2.3676,2.771,Étaples (62630),2.225,Roubaix (59100)
2026-10-02T21:00:44.277487+00:00,npdc,e10,370,2.133,2.439,Havrincourt (62147),1.99,La Sentinelle (59174)
2026-10-02T21:30:44.791915+00:00,france,gazole,8618,2.3841,2.9,Sausheim (68390),2.19,Lannilis (29870)
2026-10-02T21:30:44.791915+00:00,france,e10,6972,2.1674,2.689,Mionnay (01390),1.98,Limogne-en-Quercy (46260)
2026-10-02T21:30:44.791915+00:00,npdc,gazole,437,2.3678,2.771,Étaples (62630),2.225,Roubaix (59100)
2026-10-02T21:30:44.791915+00:00,npdc,e10,369,2.1333,2.439,Havrincourt (62147),1.99,La Sentinelle (59174)
2026-10-02T22:00:45.856595+00:00,france,gazole,8618,2.3841,2.9,Sausheim (68390),2.19,Lannilis (29870)
2026-10-02T22:00:45.856595+00:00,france,e10,6972,2.1675,2.689,Mionnay (01390),1.98,Limogne-en-Quercy (46260)
2026-10-02T22:00:45.856595+00:00,npdc,gazole,437,2.3678,2.771,Étaples (62630),2.225,Roubaix (59100)
2026-10-02T22:00:45.856595+00:00,npdc,e10,369,2.1334,2.439,Havrincourt (62147),1.99,La Sentinelle (59174)
2026-10-02T22:30:45.426554+00:00,france,gazole,8618,2.3841,2.9,Sausheim (68390),2.19,Lannilis (29870)
2026-10-02T22:30:45.426554+00:00,france,e10,6972,2.1674,2.689,Mionnay (01390),1.98,Limogne-en-Quercy (46260)
2026-10-02T22:30:45.426554+00:00,npdc,gazole,437,2.3678,2.771,Étaples (62630),2.225,Roubaix (59100)
2026-10-02T22:30:45.426554+00:00,npdc,e10,369,2.1333,2.439,Havrincourt (62147),1.99,La Sentinelle (59174)
2026-10-02T23:00:44.234226+00:00,france,gazole,8616,2.384,2.9,Sausheim (68390),2.19,Lannilis (29870)
2026-10-02T23:00:44.234226+00:00,france,e10,6970,2.1675,2.689,Mionnay (01390),1.98,Limogne-en-Quercy (46260)
2026-10-02T23:00:44.234226+00:00,npdc,gazole,437,2.3678,2.771,Étaples (62630),2.225,Roubaix (59100)
2026-10-02T23:00:44.234226+00:00,npdc,e10,369,2.1334,2.439,Havrincourt (62147),1.99,La Sentinelle (59174)
2026-10-02T23:30:45.494350+00:00,france,gazole,8616,2.3841,2.9,Sausheim (68390),2.19,Lannilis (29870)
2026-10-02T23:30:45.494350+00:00,france,e10,6970,2.1675,2.689,Mionnay (01390),1.98,Limogne-en-Quercy (46260)
2026-10-02T23:30:45.494350+00:00,npdc,gazole,437,2.3678,2.771,Étaples (62630),2.225,Roubaix (59100)
2026-10-02T23:30:45.494350+00:00,npdc,e10,369,2.1334,2.439,Havrincourt (62147),1.99,La Sentinelle (59174)
2026-10-03T00:00:45.778114+00:00,france,gazole,8675,2.383,2.9,Sausheim (68390),2.19,Lannilis (29870)
2026-10-03T00:00:45.778114+00:00,france,e10,7041,2.1657,2.689,Mionnay (01390),1.98,Limogne-en-Quercy (46260)
2026-10-03T00:00:45.778114+00:00,npdc,gazole,438,2.3675,2.771,Étaples (62630),2.249,Haspres (59198)
2026-10-03T00:00:45.778114+00:00,npdc,e10,371,2.1326,2.439,Havrincourt (62147),1.99,La Sentinelle (59174)
2026-10-03T00:30:44.771484+00:00,france,gazole,8675,2.383,2.9,Sausheim (68390),2.19,Lannilis (29870)
2026-10-03T00:30:44.771484+00:00,france,e10,7041,2.1657,2.689,Mionnay (01390),1.98,Limogne-en-Quercy (46260)
2026-10-03T00:30:44.771484+00:00,npdc,gazole,438,2.3675,2.771,Étaples (62630),2.249,Haspres (59198)
2026-10-03T00:30:44.771484+00:00,npdc,e10,371,2.1326,2.439,Havrincourt (62147),1.99,La Sentinelle (59174)
2026-10-03T01:00:45.425694+00:00,france,gazole,8675,2.383,2.9,Sausheim (68390),2.19,Lannilis (29870)
2026-10-03T01:00:45.425694+00:00,france,e10,7041,2.1657,2.689,Mionnay (01390),1.98,Limogne-en-Quercy (46260)
2026-10-03T01:00:45.425694+00:00,npdc,gazole,438,2.3675,2.771,Étaples (62630),2.249,Haspres (59198)
2026-10-03T01:00:45.425694+00:00,npdc,e10,371,2.1326,2.439,Havrincourt (62147),1.99,La Sentinelle (59174)
2026-10-03T01:30:44.197444+00:00,france,gazole,8675,2.383,2.9,Sausheim (68390),2.19,Lannilis (29870)
2026-10-03T01:30:44.197444+00:00,france,e10,7041,2.1657,2.689,Mionnay (01390),1.98,Limogne-en-Quercy (46260)
2026-10-03T01:30:44.197444+00:00,npdc,gazole,438,2.3675,2.771,Étaples (62630),2.249,Haspres (59198)
2026-10-03T01:30:44.197444+00:00,npdc,e10,371,2.1326,2.439,Havrincourt (62147),1.99,La Sentinelle (59174)
2026-10-03T02:00:44.611036+00:00,france,gazole,8675,2.383,2.9,Sausheim (68390),2.19,Lannilis (29870)
2026-10-03T02:00:44.611036+00:00,france,e10,7041,2.1657,2.689,Mionnay (01390),1.98,Limogne-en-Quercy (46260)
2026-10-03T02:00:44.611036+00:00,npdc,gazole,438,2.3675,2.771,Étaples (62630),2.249,Haspres (59198)
2026-10-03T02:00:44.611036+00:00,npdc,e10,371,2.1326,2.439,Havrincourt (62147),1.99,La Sentinelle (59174)
2026-10-03T02:30:44.616244+00:00,france,gazole,8675,2.383,2.9,Sausheim (68390),2.19,Lannilis (29870)
2026-10-03T02:30:44.616244+00:00,france,e10,7041,2.1657,2.689,Mionnay (01390),1.98,Limogne-en-Quercy (46260)
2026-10-03T02:30:44.616244+00:00,npdc,gazole,438,2.3675,2.771,Étaples (62630),2.249,Haspres (59198)
2026-10-03T02:30:44.616244+00:00,npdc,e10,371,2.1326,2.439,Havrincourt (62147),1.99,La Sentinelle (59174)
2026-10-03T03:00:45.496049+00:00,france,gazole,8675,2.383,2.9,Sausheim (68390),2.19,Lannilis (29870)
2026-10-03T03:00:45.496049+00:00,france,e10,7041,2.1657,2.689,Mionnay (01390),1.98,Limogne-en-Quercy (46260)
2026-10-03T03:00:45.496049+00:00,npdc,gazole,438,2.3675,2.771,Étaples (62630),2.249,Haspres (59198)
2026-10-03T03:00:45.496049+00:00,npdc,e10,371,2.1326,2.439,Havrincourt (62147),1.99,La Sentinelle (59174)
2026-10-03T03:30:44.088452+00:00,france,gazole,8674,2.383,2.9,Sausheim (68390),2.19,Lannilis (29870)
2026-10-03T03:30:44.088452+00:00,france,e10,7040,2.1658,2.689,Mionnay (01390),1.98,Limogne-en-Quercy (46260)
2026-10-03T03:30:44.088452+00:00,npdc,gazole,438,2.3675,2.771,Étaples (62630),2.249,Haspres (59198)
2026-10-03T03:30:44.088452+00:00,npdc,e10,371,2.1326,2.439,Havrincourt (62147),1.99,La Sentinelle (59174)
2026-10-03T04:00:44.411663+00:00,france,gazole,8674,2.383,2.9,Sausheim (68390),2.19,Lannilis (29870)
2026-10-03T04:00:44.411663+00:00,france,e10,7040,2.1658,2.689,Mionnay (01390),1.98,Limogne-en-Quercy (46260)
2026-10-03T04:00:44.411663+00:00,npdc,gazole,438,2.3675,2.771,Étaples (62630),2.249,Haspres (59198)
2026-10-03T04:00:44.411663+00:00,npdc,e10,371,2.1326,2.439,Havrincourt (62147),1.99,La Sentinelle (59174)
2026-10-03T04:30:44.817887+00:00,france,gazole,8674,2.383,2.9,Sausheim (68390),2.19,Lannilis (29870)
2026-10-03T04:30:44.817887+00:00,france,e10,7041,2.1657,2.689,Mionnay (01390),1.98,Limogne-en-Quercy (46260)
2026-10-03T04:30:44.817887+00:00,npdc,gazole,438,2.3675,2.771,Étaples (62630),2.249,Haspres (59198)
2026-10-03T04:30:44.817887+00:00,npdc,e10,371,2.1326,2.439,Havrincourt (62147),1.99,La Sentinelle (59174)
2026-10-03T05:00:44.525702+00:00,france,gazole,8674,2.383,2.9,Sausheim (68390),2.19,Lannilis (29870)
2026-10-03T05:00:44.525702+00:00,france,e10,7041,2.1657,2.689,Mionnay (01390),1.98,Limogne-en-Quercy (46260)
2026-10-03T05:00:44.525702+00:00,npdc,gazole,438,2.3675,2.771,Étaples (62630),2.249,Haspres (59198)
2026-10-03T05:00:44.525702+00:00,npdc,e10,371,2.1326,2.439,Havrincourt (62147),1.99,La Sentinelle (59174)
2026-10-03T05:21:45.879919+00:00,france,gazole,8675,2.3829,2.9,Sausheim (68390),2.049,Niort (79000)
2026-10-03T05:21:45.879919+00:00,france,e10,7042,2.1657,2.689,Mionnay (01390),1.98,Limogne-en-Quercy (46260)
2026-10-03T05:21:45.879919+00:00,npdc,gazole,438,2.3674,2.771,Étaples (62630),2.249,Haspres (59198)
2026-10-03T05:21:45.879919+00:00,npdc,e10,371,2.1326,2.439,Havrincourt (62147),1.99,La Sentinelle (59174)
2026-10-03T05:30:43.921038+00:00,france,gazole,8682,2.3828,2.9,Sausheim (68390),2.049,Niort (79000)
2026-10-03T05:30:43.921038+00:00,france,e10,7048,2.1656,2.689,Mionnay (01390),1.98,Limogne-en-Quercy (46260)
2026-10-03T05:30:43.921038+00:00,npdc,gazole,442,2.3663,2.771,Étaples (62630),2.249,Haspres (59198)
2026-10-03T05:30:43.921038+00:00,npdc,e10,375,2.1311,2.439,Havrincourt (62147),1.99,Waziers (59119)
2026-10-03T06:00:45.695558+00:00,france,gazole,8695,2.3824,2.9,Sausheim (68390),2.0,Pamiers (09100)
2026-10-03T06:00:45.695558+00:00,france,e10,7057,2.1653,2.689,Mionnay (01390),1.98,Limogne-en-Quercy (46260)
2026-10-03T06:00:45.695558+00:00,npdc,gazole,443,2.3659,2.771,Étaples (62630),2.249,Haspres (59198)
2026-10-03T06:00:45.695558+00:00,npdc,e10,376,2.1306,2.439,Havrincourt (62147),1.99,Waziers (59119)
2026-10-03T06:30:44.486903+00:00,france,gazole,8704,2.3822,2.9,Sausheim (68390),2.0,Pamiers (09100)
2026-10-03T06:30:44.486903+00:00,france,e10,7066,2.1651,2.689,Mionnay (01390),1.98,Limogne-en-Quercy (46260)
2026-10-03T06:30:44.486903+00:00,npdc,gazole,443,2.3659,2.771,Étaples (62630),2.249,Haspres (59198)
2026-10-03T06:30:44.486903+00:00,npdc,e10,376,2.1305,2.439,Havrincourt (62147),1.99,Waziers (59119)
2026-10-03T07:00:44.683270+00:00,france,gazole,8704,2.3822,2.9,Sausheim (68390),2.0,Pamiers (09100)
2026-10-03T07:00:44.683270+00:00,france,e10,7066,2.1651,2.689,Mionnay (01390),1.98,Limogne-en-Quercy (46260)
2026-10-03T07:00:44.683270+00:00,npdc,gazole,443,2.3659,2.771,Étaples (62630),2.249,Haspres (59198)
2026-10-03T07:00:44.683270+00:00,npdc,e10,376,2.1305,2.439,Havrincourt (62147),1.99,Waziers (59119)
2026-10-03T07:31:19.879104+00:00,france,gazole,8722,2.3818,2.9,Sausheim (68390),2.0,Pamiers (09100)
2026-10-03T07:31:19.879104+00:00,france,e10,7073,2.1648,2.689,Mionnay (01390),1.98,Limogne-en-Quercy (46260)
2026-10-03T07:31:19.879104+00:00,npdc,gazole,443,2.366,2.771,Étaples (62630),2.249,Haspres (59198)
2026-10-03T07:31:19.879104+00:00,npdc,e10,375,2.1307,2.439,Havrincourt (62147),1.99,Waziers (59119)
2026-10-03T08:00:45.035135+00:00,france,gazole,8681,2.3828,2.9,Sausheim (68390),2.049,Niort (79000)
2026-10-03T08:00:45.035135+00:00,france,e10,7048,2.1656,2.689,Mionnay (01390),1.98,Limogne-en-Quercy (46260)
2026-10-03T08:00:45.035135+00:00,npdc,gazole,442,2.3663,2.771,Étaples (62630),2.249,Haspres (59198)
2026-10-03T08:00:45.035135+00:00,npdc,e10,375,2.1311,2.439,Havrincourt (62147),1.99,Waziers (59119)
2026-10-03T08:30:45.841643+00:00,france,gazole,8746,2.381,2.9,Sausheim (68390),2.0,Pamiers (09100)
2026-10-03T08:30:45.841643+00:00,france,e10,7098,2.1639,2.689,Mionnay (01390),1.98,Limogne-en-Quercy (46260)
2026-10-03T08:30:45.841643+00:00,npdc,gazole,445,2.3651,2.771,Étaples (62630),2.249,Haspres (59198)
2026-10-03T08:30:45.841643+00:00,npdc,e10,378,2.1297,2.439,Havrincourt (62147),1.99,Waziers (59119)
2026-10-03T09:00:44.631610+00:00,france,gazole,8748,2.3805,2.9,Paris (75007),2.0,Cahors (46000)
2026-10-03T09:00:44.631610+00:00,france,e10,7101,2.1636,2.651,Mionnay (01390),1.98,Limogne-en-Quercy (46260)
2026-10-03T09:00:44.631610+00:00,npdc,gazole,445,2.3648,2.693,Étaples (62630),2.249,Haspres (59198)
2026-10-03T09:00:44.631610+00:00,npdc,e10,379,2.1293,2.439,Havrincourt (62147),1.99,Waziers (59119)
2026-10-03T09:30:43.819698+00:00,france,gazole,8743,2.3804,2.9,Paris (75007),2.0,Cahors (46000)
2026-10-03T09:30:43.819698+00:00,france,e10,7102,2.1635,2.651,Mionnay (01390),1.98,Limogne-en-Quercy (46260)
2026-10-03T09:30:43.819698+00:00,npdc,gazole,445,2.3648,2.693,Étaples (62630),2.249,Haspres (59198)
2026-10-03T09:30:43.819698+00:00,npdc,e10,380,2.1287,2.439,Havrincourt (62147),1.99,Waziers (59119)
2026-10-03T10:00:46.294863+00:00,france,gazole,8735,2.3804,2.9,Paris (75007),2.0,Cahors (46000)
2026-10-03T10:00:46.294863+00:00,france,e10,7093,2.1636,2.651,Mionnay (01390),1.98,Limogne-en-Quercy (46260)
2026-10-03T10:00:46.294863+00:00,npdc,gazole,445,2.3647,2.693,Étaples (62630),2.249,Haspres (59198)
2026-10-03T10:00:46.294863+00:00,npdc,e10,380,2.1287,2.439,Havrincourt (62147),1.99,Waziers (59119)
2026-10-03T10:33:16.233530+00:00,france,gazole,8706,2.3807,2.9,Paris (75007),2.0,Cahors (46000)
2026-10-03T10:33:16.233530+00:00,france,e10,7069,2.1642,2.651,Mionnay (01390),1.98,Limogne-en-Quercy (46260)
2026-10-03T10:33:16.233530+00:00,npdc,gazole,448,2.3639,2.693,Étaples (62630),2.249,Haspres (59198)
2026-10-03T10:33:16.233530+00:00,npdc,e10,382,2.1283,2.439,Havrincourt (62147),1.99,Waziers (59119)
2026-10-03T11:00:44.145379+00:00,france,gazole,8697,2.3808,2.9,Paris (75007),2.0,Cahors (46000)
2026-10-03T11:00:44.145379+00:00,france,e10,7064,2.1642,2.651,Mionnay (01390),1.98,Limogne-en-Quercy (46260)
2026-10-03T11:00:44.145379+00:00,npdc,gazole,447,2.3641,2.693,Étaples (62630),2.249,Haspres (59198)
2026-10-03T11:00:44.145379+00:00,npdc,e10,381,2.1286,2.439,Havrincourt (62147),1.99,Waziers (59119)
2026-10-03T11:31:20.965732+00:00,france,gazole,8728,2.3805,2.9,Paris (75007),2.0,Cahors (46000)
2026-10-03T11:31:20.965732+00:00,france,e10,7088,2.1637,2.651,Mionnay (01390),1.98,Limogne-en-Quercy (46260)
2026-10-03T11:31:20.965732+00:00,npdc,gazole,445,2.3647,2.693,Étaples (62630),2.249,Haspres (59198)
2026-10-03T11:31:20.965732+00:00,npdc,e10,380,2.1287,2.439,Havrincourt (62147),1.99,Waziers (59119)
2026-10-03T12:00:46.136498+00:00,france,gazole,8679,2.381,2.9,Paris (75007),2.0,Cahors (46000)
2026-10-03T12:00:46.136498+00:00,france,e10,7051,2.1645,2.651,Mionnay (01390),1.98,Limogne-en-Quercy (46260)
2026-10-03T12:00:46.136498+00:00,npdc,gazole,446,2.3643,2.693,Étaples (62630),2.249,Haspres (59198)
2026-10-03T12:00:46.136498+00:00,npdc,e10,381,2.1286,2.439,Havrincourt (62147),1.99,Waziers (59119)
2026-10-03T12:30:43.672647+00:00,france,gazole,8678,2.381,2.9,Paris (75007),2.0,Cahors (46000)
2026-10-03T12:30:43.672647+00:00,france,e10,7048,2.1646,2.651,Mionnay (01390),1.98,Limogne-en-Quercy (46260)
2026-10-03T12:30:43.672647+00:00,npdc,gazole,446,2.3644,2.693,Étaples (62630),2.249,Haspres (59198)
2026-10-03T12:30:43.672647+00:00,npdc,e10,381,2.1286,2.439,Havrincourt (62147),1.99,Waziers (59119)
2026-10-03T12:44:53.874133+00:00,france,gazole,8664,2.3812,2.9,Paris (75007),2.0,Cahors (46000)
2026-10-03T12:44:53.874133+00:00,france,e10,7034,2.165,2.651,Mionnay (01390),1.98,Limogne-en-Quercy (46260)
2026-10-03T12:44:53.874133+00:00,npdc,gazole,446,2.3644,2.693,Étaples (62630),2.249,Haspres (59198)
2026-10-03T12:44:53.874133+00:00,npdc,e10,381,2.1286,2.439,Havrincourt (62147),1.99,Waziers (59119)
2026-10-03T13:00:44.533618+00:00,france,gazole,8697,2.3808,2.9,Paris (75007),2.0,Cahors (46000)
2026-10-03T13:00:44.533618+00:00,france,e10,7064,2.1642,2.651,Mionnay (01390),1.98,Limogne-en-Quercy (46260)
2026-10-03T13:00:44.533618+00:00,npdc,gazole,447,2.3641,2.693,Étaples (62630),2.249,Haspres (59198)
2026-10-03T13:00:44.533618+00:00,npdc,e10,381,2.1286,2.439,Havrincourt (62147),1.99,Waziers (59119)
2026-10-03T13:25:01.237717+00:00,france,gazole,8657,2.3813,2.9,Paris (75007),2.0,Cahors (46000)
2026-10-03T13:25:01.237717+00:00,france,e10,7027,2.1652,2.651,Mionnay (01390),1.98,Limogne-en-Quercy (46260)
2026-10-03T13:25:01.237717+00:00,npdc,gazole,446,2.3643,2.693,Étaples (62630),2.249,Haspres (59198)
2026-10-03T13:25:01.237717+00:00,npdc,e10,381,2.1286,2.439,Havrincourt (62147),1.99,Waziers (59119)
2026-10-03T13:30:45.921444+00:00,france,gazole,8650,2.3814,2.9,Paris (75007),2.19,Lannilis (29870)
2026-10-03T13:30:45.921444+00:00,france,e10,7021,2.1653,2.651,Mionnay (01390),1.98,Limogne-en-Quercy (46260)
2026-10-03T13:30:45.921444+00:00,npdc,gazole,445,2.3645,2.693,Étaples (62630),2.249,Haspres (59198)
2026-10-03T13:30:45.921444+00:00,npdc,e10,380,2.129,2.439,Havrincourt (62147),1.99,Waziers (59119)
2026-10-03T14:00:45.537972+00:00,france,gazole,8650,2.3814,2.9,Paris (75007),2.19,Lannilis (29870)
2026-10-03T14:00:45.537972+00:00,france,e10,7021,2.1653,2.651,Mionnay (01390),1.98,Limogne-en-Quercy (46260)
2026-10-03T14:00:45.537972+00:00,npdc,gazole,445,2.3645,2.693,Étaples (62630),2.249,Haspres (59198)
2026-10-03T14:00:45.537972+00:00,npdc,e10,380,2.129,2.439,Havrincourt (62147),1.99,Waziers (59119)
2026-10-03T14:30:44.803346+00:00,france,gazole,8644,2.3815,2.9,Paris (75007),2.19,Lannilis (29870)
2026-10-03T14:30:44.803346+00:00,france,e10,7012,2.1656,2.651,Mionnay (01390),1.98,Limogne-en-Quercy (46260)
2026-10-03T14:30:44.803346+00:00,npdc,gazole,445,2.3646,2.693,Étaples (62630),2.249,Haspres (59198)
2026-10-03T14:30:44.803346+00:00,npdc,e10,380,2.1293,2.439,Havrincourt (62147),1.99,Waziers (59119)
2026-10-03T15:00:45.633849+00:00,france,gazole,8631,2.3817,2.9,Paris (75007),2.19,Lannilis (29870)
2026-10-03T15:00:45.633849+00:00,france,e10,6997,2.166,2.651,Mionnay (01390),1.98,Limogne-en-Quercy (46260)
2026-10-03T15:00:45.633849+00:00,npdc,gazole,446,2.3648,2.693,Étaples (62630),2.249,Haspres (59198)
2026-10-03T15:00:45.633849+00:00,npdc,e10,380,2.1299,2.439,Havrincourt (62147),1.99,La Sentinelle (59174)
2026-10-03T15:30:43.725984+00:00,france,gazole,8656,2.3813,2.9,Paris (75007),2.0,Cahors (46000)
2026-10-03T15:30:43.725984+00:00,france,e10,7026,2.1652,2.651,Mionnay (01390),1.98,Limogne-en-Quercy (46260)
2026-10-03T15:30:43.725984+00:00,npdc,gazole,445,2.3645,2.693,Étaples (62630),2.249,Haspres (59198)
2026-10-03T15:30:43.725984+00:00,npdc,e10,380,2.129,2.439,Havrincourt (62147),1.99,Waziers (59119)
2026-10-03T16:00:44.908798+00:00,france,gazole,8614,2.3819,2.9,Paris (75007),2.19,Lannilis (29870)
2026-10-03T16:00:44.908798+00:00,france,e10,6979,2.1664,2.651,Mionnay (01390),1.98,Limogne-en-Quercy (46260)
2026-10-03T16:00:44.908798+00:00,npdc,gazole,446,2.3647,2.693,Étaples (62630),2.249,Haspres (59198)
2026-10-03T16:00:44.908798+00:00,npdc,e10,379,2.1302,2.439,Havrincourt (62147),1.99,La Sentinelle (59174)
2026-10-03T16:30:44.501423+00:00,france,gazole,8603,2.3821,2.9,Paris (75007),2.19,Lannilis (29870)
2026-10-03T16:30:44.501423+00:00,france,e10,6961,2.1668,2.651,Mionnay (01390),1.98,Limogne-en-Quercy (46260)
2026-10-03T16:30:44.501423+00:00,npdc,gazole,446,2.3647,2.693,Étaples (62630),2.249,Haspres (59198)
2026-10-03T16:30:44.501423+00:00,npdc,e10,378,2.1306,2.439,Havrincourt (62147),1.99,La Sentinelle (59174)
2026-10-03T17:00:46.455760+00:00,france,gazole,8624,2.3817,2.9,Paris (75007),2.19,Lannilis (29870)
2026-10-03T17:00:46.455760+00:00,france,e10,6992,2.1661,2.651,Mionnay (01390),1.98,Limogne-en-Quercy (46260)
2026-10-03T17:00:46.455760+00:00,npdc,gazole,446,2.3647,2.693,Étaples (62630),2.249,Haspres (59198)
2026-10-03T17:00:46.455760+00:00,npdc,e10,380,2.1298,2.439,Havrincourt (62147),1.99,La Sentinelle (59174)
2026-10-03T17:30:45.753621+00:00,france,gazole,8592,2.3822,2.9,Paris (75007),2.19,Lannilis (29870)
2026-10-03T17:30:45.753621+00:00,france,e10,6953,2.167,2.651,Mionnay (01390),1.98,Limogne-en-Quercy (46260)
2026-10-03T17:30:45.753621+00:00,npdc,gazole,445,2.3649,2.693,Étaples (62630),2.249,Haspres (59198)
2026-10-03T17:30:45.753621+00:00,npdc,e10,377,2.1309,2.439,Havrincourt (62147),1.99,La Sentinelle (59174)
2026-10-03T18:00:44.170842+00:00,france,gazole,8575,2.3825,2.9,Paris (75007),2.19,Lannilis (29870)
2026-10-03T18:00:44.170842+00:00,france,e10,6927,2.1677,2.651,Mionnay (01390),1.98,Limogne-en-Quercy (46260)
2026-10-03T18:00:44.170842+00:00,npdc,gazole,444,2.3652,2.693,Étaples (62630),2.249,Haspres (59198)
2026-10-03T18:00:44.170842+00:00,npdc,e10,374,2.1321,2.439,Havrincourt (62147),1.99,La Sentinelle (59174)
2026-10-03T18:30:45.336756+00:00,france,gazole,8584,2.3823,2.9,Paris (75007),2.19,Lannilis (29870)
2026-10-03T18:30:45.336756+00:00,france,e10,6941,2.1674,2.651,Mionnay (01390),1.98,Limogne-en-Quercy (46260)
2026-10-03T18:30:45.336756+00:00,npdc,gazole,445,2.3649,2.693,Étaples (62630),2.249,Haspres (59198)
2026-10-03T18:30:45.336756+00:00,npdc,e10,376,2.1313,2.439,Havrincourt (62147),1.99,La Sentinelle (59174)
2026-10-03T19:00:46.046801+00:00,france,gazole,8559,2.3828,2.9,Paris (75007),2.19,Lannilis (29870)
2026-10-03T19:00:46.046801+00:00,france,e10,6909,2.1682,2.651,Mionnay (01390),1.98,Limogne-en-Quercy (46260)
2026-10-03T19:00:46.046801+00:00,npdc,gazole,444,2.3652,2.693,Étaples (62630),2.249,Haspres (59198)
2026-10-03T19:00:46.046801+00:00,npdc,e10,374,2.1321,2.439,Havrincourt (62147),1.99,La Sentinelle (59174)
2026-10-03T19:14:48.914840+00:00,france,gazole,8539,2.3832,2.9,Paris (75007),2.19,Lannilis (29870)
2026-10-03T19:14:48.914840+00:00,france,e10,6889,2.1688,2.651,Mionnay (01390),1.98,Limogne-en-Quercy (46260)
2026-10-03T19:14:48.914840+00:00,npdc,gazole,443,2.3654,2.693,Étaples (62630),2.249,Haspres (59198)
2026-10-03T19:14:48.914840+00:00,npdc,e10,372,2.1328,2.439,Havrincourt (62147),1.99,La Sentinelle (59174)
2026-10-03T19:30:47.062516+00:00,france,gazole,8523,2.3835,2.9,Paris (75007),2.19,Lannilis (29870)
2026-10-03T19:30:47.062516+00:00,france,e10,6876,2.1691,2.651,Mionnay (01390),1.98,Limogne-en-Quercy (46260)
2026-10-03T19:30:47.062516+00:00,npdc,gazole,439,2.3663,2.693,Étaples (62630),2.249,Haspres (59198)
2026-10-03T19:30:47.062516+00:00,npdc,e10,368,2.1341,2.439,Havrincourt (62147),1.99,La Sentinelle (59174)
2026-10-03T20:00:45.307270+00:00,france,gazole,8530,2.3834,2.9,Paris (75007),2.19,Lannilis (29870)
2026-10-03T20:00:45.307270+00:00,france,e10,6882,2.169,2.651,Mionnay (01390),1.98,Limogne-en-Quercy (46260)
2026-10-03T20:00:45.307270+00:00,npdc,gazole,441,2.3657,2.693,Étaples (62630),2.249,Haspres (59198)
2026-10-03T20:00:45.307270+00:00,npdc,e10,370,2.1333,2.439,Havrincourt (62147),1.99,La Sentinelle (59174)
2026-10-03T20:30:54.885379+00:00,france,gazole,8517,2.3836,2.9,Paris (75007),2.19,Lannilis (29870)
2026-10-03T20:30:54.885379+00:00,france,e10,6865,2.1694,2.651,Mionnay (01390),1.98,Limogne-en-Quercy (46260)
2026-10-03T20:30:54.885379+00:00,npdc,gazole,438,2.3665,2.693,Étaples (62630),2.249,Haspres (59198)
2026-10-03T20:30:54.885379+00:00,npdc,e10,366,2.1349,2.439,Havrincourt (62147),1.99,La Sentinelle (59174)
2026-10-03T21:00:44.696917+00:00,france,gazole,8520,2.3835,2.9,Paris (75007),2.19,Lannilis (29870)
2026-10-03T21:00:44.696917+00:00,france,e10,6872,2.1692,2.651,Mionnay (01390),1.98,Limogne-en-Quercy (46260)
2026-10-03T21:00:44.696917+00:00,npdc,gazole,439,2.3663,2.693,Étaples (62630),2.249,Haspres (59198)
2026-10-03T21:00:44.696917+00:00,npdc,e10,367,2.1345,2.439,Havrincourt (62147),1.99,La Sentinelle (59174)
2026-10-03T21:30:45.179650+00:00,france,gazole,8512,2.3837,2.9,Paris (75007),2.19,Lannilis (29870)
2026-10-03T21:30:45.179650+00:00,france,e10,6859,2.1696,2.651,Mionnay (01390),1.98,Limogne-en-Quercy (46260)
2026-10-03T21:30:45.179650+00:00,npdc,gazole,437,2.3668,2.693,Étaples (62630),2.249,Haspres (59198)
2026-10-03T21:30:45.179650+00:00,npdc,e10,365,2.1353,2.439,Havrincourt (62147),1.99,La Sentinelle (59174)
2026-10-03T22:00:44.434264+00:00,france,gazole,8510,2.3837,2.9,Paris (75007),2.19,Lannilis (29870)
2026-10-03T22:00:44.434264+00:00,france,e10,6859,2.1696,2.651,Mionnay (01390),1.98,Limogne-en-Quercy (46260)
2026-10-03T22:00:44.434264+00:00,npdc,gazole,437,2.3668,2.693,Étaples (62630),2.249,Haspres (59198)
2026-10-03T22:00:44.434264+00:00,npdc,e10,365,2.1353,2.439,Havrincourt (62147),1.99,La Sentinelle (59174)
2026-10-03T22:30:44.241316+00:00,france,gazole,8513,2.3837,2.9,Paris (75007),2.19,Lannilis (29870)
2026-10-03T22:30:44.241316+00:00,france,e10,6860,2.1696,2.651,Mionnay (01390),1.98,Limogne-en-Quercy (46260)
2026-10-03T22:30:44.241316+00:00,npdc,gazole,438,2.3665,2.693,Étaples (62630),2.249,Haspres (59198)
2026-10-03T22:30:44.241316+00:00,npdc,e10,366,2.1349,2.439,Havrincourt (62147),1.99,La Sentinelle (59174)
2026-10-03T23:00:44.396064+00:00,france,gazole,8549,2.3831,2.9,Paris (75007),2.19,Lannilis (29870)
2026-10-03T23:00:44.396064+00:00,france,e10,6915,2.1681,2.651,Mionnay (01390),1.98,Limogne-en-Quercy (46260)
2026-10-03T23:00:44.396064+00:00,npdc,gazole,444,2.3649,2.693,Étaples (62630),2.249,Haspres (59198)
2026-10-03T23:00:44.396064+00:00,npdc,e10,373,2.1322,2.439,Havrincourt (62147),1.99,La Sentinelle (59174)
2026-10-03T23:06:02.738567+00:00,france,gazole,8510,2.3837,2.9,Paris (75007),2.19,Lannilis (29870)
2026-10-03T23:06:02.738567+00:00,france,e10,6859,2.1696,2.651,Mionnay (01390),1.98,Limogne-en-Quercy (46260)
2026-10-03T23:06:02.738567+00:00,npdc,gazole,437,2.3668,2.693,Étaples (62630),2.249,Haspres (59198)
2026-10-03T23:06:02.738567+00:00,npdc,e10,365,2.1353,2.439,Havrincourt (62147),1.99,La Sentinelle (59174)
2026-10-03T23:30:45.891423+00:00,france,gazole,8549,2.3831,2.9,Paris (75007),2.19,Lannilis (29870)
2026-10-03T23:30:45.891423+00:00,france,e10,6915,2.1681,2.651,Mionnay (01390),1.98,Limogne-en-Quercy (46260)
2026-10-03T23:30:45.891423+00:00,npdc,gazole,444,2.3649,2.693,Étaples (62630),2.249,Haspres (59198)
2026-10-03T23:30:45.891423+00:00,npdc,e10,373,2.1322,2.439,Havrincourt (62147),1.99,La Sentinelle (59174)
2026-10-04T00:00:44.893721+00:00,france,gazole,8548,2.3831,2.9,Paris (75007),2.19,Lannilis (29870)
2026-10-04T00:00:44.893721+00:00,france,e10,6915,2.1681,2.651,Mionnay (01390),1.98,Limogne-en-Quercy (46260)
2026-10-04T00:00:44.893721+00:00,npdc,gazole,444,2.3649,2.693,Étaples (62630),2.249,Haspres (59198)
2026-10-04T00:00:44.893721+00:00,npdc,e10,373,2.1322,2.439,Havrincourt (62147),1.99,La Sentinelle (59174)
2026-10-04T00:30:47.531966+00:00,france,gazole,8549,2.3831,2.9,Paris (75007),2.19,Lannilis (29870)
2026-10-04T00:30:47.531966+00:00,france,e10,6915,2.1681,2.651,Mionnay (01390),1.98,Limogne-en-Quercy (46260)
2026-10-04T00:30:47.531966+00:00,npdc,gazole,444,2.3649,2.693,Étaples (62630),2.249,Haspres (59198)
2026-10-04T00:30:47.531966+00:00,npdc,e10,373,2.1322,2.439,Havrincourt (62147),1.99,La Sentinelle (59174)
2026-10-04T01:00:44.867925+00:00,france,gazole,8547,2.3831,2.9,Paris (75007),2.19,Lannilis (29870)
2026-10-04T01:00:44.867925+00:00,france,e10,6915,2.1681,2.651,Mionnay (01390),1.98,Limogne-en-Quercy (46260)
2026-10-04T01:00:44.867925+00:00,npdc,gazole,444,2.3649,2.693,Étaples (62630),2.249,Haspres (59198)
2026-10-04T01:00:44.867925+00:00,npdc,e10,373,2.1322,2.439,Havrincourt (62147),1.99,La Sentinelle (59174)
2026-10-04T01:30:45.976720+00:00,france,gazole,8547,2.3831,2.9,Paris (75007),2.19,Lannilis (29870)
2026-10-04T01:30:45.976720+00:00,france,e10,6915,2.1681,2.651,Mionnay (01390),1.98,Limogne-en-Quercy (46260)
2026-10-04T01:30:45.976720+00:00,npdc,gazole,444,2.3649,2.693,Étaples (62630),2.249,Haspres (59198)
2026-10-04T01:30:45.976720+00:00,npdc,e10,373,2.1322,2.439,Havrincourt (62147),1.99,La Sentinelle (59174)
2026-10-04T02:00:49.114988+00:00,france,gazole,8547,2.3831,2.9,Paris (75007),2.19,Lannilis (29870)
2026-10-04T02:00:49.114988+00:00,france,e10,6913,2.1682,2.651,Mionnay (01390),1.98,Limogne-en-Quercy (46260)
2026-10-04T02:00:49.114988+00:00,npdc,gazole,444,2.3649,2.693,Étaples (62630),2.249,Haspres (59198)
2026-10-04T02:00:49.114988+00:00,npdc,e10,373,2.1322,2.439,Havrincourt (62147),1.99,La Sentinelle (59174)
2026-10-04T02:30:48.211417+00:00,france,gazole,8547,2.3831,2.9,Paris (75007),2.19,Lannilis (29870)
2026-10-04T02:30:48.211417+00:00,france,e10,6913,2.1682,2.651,Mionnay (01390),1.98,Limogne-en-Quercy (46260)
2026-10-04T02:30:48.211417+00:00,npdc,gazole,444,2.3649,2.693,Étaples (62630),2.249,Haspres (59198)
2026-10-04T02:30:48.211417+00:00,npdc,e10,373,2.1322,2.439,Havrincourt (62147),1.99,La Sentinelle (59174)
2026-10-04T03:00:43.893996+00:00,france,gazole,8547,2.3831,2.9,Paris (75007),2.19,Lannilis (29870)
2026-10-04T03:00:43.893996+00:00,france,e10,6913,2.1682,2.651,Mionnay (01390),1.98,Limogne-en-Quercy (46260)
2026-10-04T03:00:43.893996+00:00,npdc,gazole,444,2.3649,2.693,Étaples (62630),2.249,Haspres (59198)
2026-10-04T03:00:43.893996+00:00,npdc,e10,373,2.1322,2.439,Havrincourt (62147),1.99,La Sentinelle (59174)
2026-10-04T03:30:43.954059+00:00,france,gazole,8547,2.3831,2.9,Paris (75007),2.19,Lannilis (29870)
2026-10-04T03:30:43.954059+00:00,france,e10,6913,2.1682,2.651,Mionnay (01390),1.98,Limogne-en-Quercy (46260)
2026-10-04T03:30:43.954059+00:00,npdc,gazole,444,2.3649,2.693,Étaples (62630),2.249,Haspres (59198)
2026-10-04T03:30:43.954059+00:00,npdc,e10,373,2.1322,2.439,Havrincourt (62147),1.99,La Sentinelle (59174)
2026-10-04T04:00:44.411757+00:00,france,gazole,8547,2.3831,2.9,Paris (75007),2.19,Lannilis (29870)
2026-10-04T04:00:44.411757+00:00,france,e10,6913,2.1682,2.651,Mionnay (01390),1.98,Limogne-en-Quercy (46260)
2026-10-04T04:00:44.411757+00:00,npdc,gazole,444,2.3649,2.693,Étaples (62630),2.249,Haspres (59198)
2026-10-04T04:00:44.411757+00:00,npdc,e10,373,2.1322,2.439,Havrincourt (62147),1.99,La Sentinelle (59174)
2026-10-04T04:30:43.877013+00:00,france,gazole,8547,2.3831,2.9,Paris (75007),2.19,Lannilis (29870)
2026-10-04T04:30:43.877013+00:00,france,e10,6911,2.1682,2.651,Mionnay (01390),1.98,Limogne-en-Quercy (46260)
2026-10-04T04:30:43.877013+00:00,npdc,gazole,444,2.3649,2.693,Étaples (62630),2.249,Haspres (59198)
2026-10-04T04:30:43.877013+00:00,npdc,e10,373,2.1322,2.439,Havrincourt (62147),1.99,La Sentinelle (59174)
2026-10-04T05:00:44.032252+00:00,france,gazole,8547,2.3831,2.9,Paris (75007),2.19,Lannilis (29870)
2026-10-04T05:00:44.032252+00:00,france,e10,6910,2.1683,2.651,Mionnay (01390),1.98,Limogne-en-Quercy (46260)
2026-10-04T05:00:44.032252+00:00,npdc,gazole,444,2.3649,2.693,Étaples (62630),2.249,Haspres (59198)
2026-10-04T05:00:44.032252+00:00,npdc,e10,373,2.1322,2.439,Havrincourt (62147),1.99,La Sentinelle (59174)
2026-10-04T05:30:57.738173+00:00,france,gazole,8546,2.3831,2.9,Paris (75007),2.19,Lannilis (29870)
2026-10-04T05:30:57.738173+00:00,france,e10,6909,2.1683,2.651,Mionnay (01390),1.98,Limogne-en-Quercy (46260)
2026-10-04T05:30:57.738173+00:00,npdc,gazole,444,2.3649,2.693,Étaples (62630),2.249,Haspres (59198)
2026-10-04T05:30:57.738173+00:00,npdc,e10,372,2.1326,2.439,Havrincourt (62147),1.99,La Sentinelle (59174)
2026-10-04T05:57:44.054033+00:00,france,gazole,8548,2.3831,2.9,Paris (75007),2.19,Lannilis (29870)
2026-10-04T05:57:44.054033+00:00,france,e10,6907,2.1683,2.651,Mionnay (01390),1.98,Limogne-en-Quercy (46260)
2026-10-04T05:57:44.054033+00:00,npdc,gazole,444,2.3648,2.693,Étaples (62630),2.249,Haspres (59198)
2026-10-04T05:57:44.054033+00:00,npdc,e10,372,2.1326,2.439,Havrincourt (62147),1.99,La Sentinelle (59174)
2026-10-04T06:01:08.908722+00:00,france,gazole,8547,2.3831,2.9,Paris (75007),2.19,Lannilis (29870)
2026-10-04T06:01:08.908722+00:00,france,e10,6909,2.1683,2.651,Mionnay (01390),1.98,Limogne-en-Quercy (46260)
2026-10-04T06:01:08.908722+00:00,npdc,gazole,444,2.3648,2.693,Étaples (62630),2.249,Haspres (59198)
2026-10-04T06:01:08.908722+00:00,npdc,e10,372,2.1326,2.439,Havrincourt (62147),1.99,La Sentinelle (59174)
2026-10-04T06:30:56.850244+00:00,france,gazole,8547,2.3831,2.9,Paris (75007),2.19,Lannilis (29870)
2026-10-04T06:30:56.850244+00:00,france,e10,6907,2.1683,2.651,Mionnay (01390),1.98,Limogne-en-Quercy (46260)
2026-10-04T06:30:56.850244+00:00,npdc,gazole,445,2.3643,2.693,Étaples (62630),2.249,Haspres (59198)
2026-10-04T06:30:56.850244+00:00,npdc,e10,373,2.1321,2.439,Havrincourt (62147),1.99,La Sentinelle (59174)
2026-10-04T07:00:59.543261+00:00,france,gazole,8547,2.3831,2.9,Paris (75007),2.19,Lannilis (29870)
2026-10-04T07:00:59.543261+00:00,france,e10,6907,2.1683,2.651,Mionnay (01390),1.98,Limogne-en-Quercy (46260)
2026-10-04T07:00:59.543261+00:00,npdc,gazole,445,2.3643,2.693,Étaples (62630),2.249,Haspres (59198)
2026-10-04T07:00:59.543261+00:00,npdc,e10,373,2.1321,2.439,Havrincourt (62147),1.99,La Sentinelle (59174)
2026-10-04T07:30:50.262729+00:00,france,gazole,8548,2.3831,2.9,Paris (75007),2.19,Lannilis (29870)
2026-10-04T07:30:50.262729+00:00,france,e10,6907,2.1683,2.651,Mionnay (01390),1.98,Limogne-en-Quercy (46260)
2026-10-04T07:30:50.262729+00:00,npdc,gazole,444,2.3648,2.693,Étaples (62630),2.249,Haspres (59198)
2026-10-04T07:30:50.262729+00:00,npdc,e10,372,2.1326,2.439,Havrincourt (62147),1.99,La Sentinelle (59174)
2026-10-04T08:00:57.098618+00:00,france,gazole,8547,2.383,2.9,Paris (75007),1.25,Saint-André-de-Corcy (01390)
2026-10-04T08:00:57.098618+00:00,france,e10,6904,2.1685,2.651,Mionnay (01390),1.98,Limogne-en-Quercy (46260)
2026-10-04T08:00:57.098618+00:00,npdc,gazole,446,2.3643,2.693,Étaples (62630),2.249,Haspres (59198)
2026-10-04T08:00:57.098618+00:00,npdc,e10,373,2.1323,2.439,Havrincourt (62147),1.99,La Sentinelle (59174)
2026-10-04T08:30:56.133596+00:00,france,gazole,8539,2.383,2.9,Paris (75007),1.25,Saint-André-de-Corcy (01390)
2026-10-04T08:30:56.133596+00:00,france,e10,6897,2.1686,2.651,Mionnay (01390),1.98,Limogne-en-Quercy (46260)
2026-10-04T08:30:56.133596+00:00,npdc,gazole,446,2.3643,2.693,Étaples (62630),2.249,Haspres (59198)
2026-10-04T08:30:56.133596+00:00,npdc,e10,373,2.1325,2.439,Havrincourt (62147),1.99,La Sentinelle (59174)
2026-10-04T09:00:59.497192+00:00,france,gazole,8541,2.383,2.9,Paris (75007),1.25,Saint-André-de-Corcy (01390)
2026-10-04T09:00:59.497192+00:00,france,e10,6900,2.1686,2.651,Mionnay (01390),1.98,Limogne-en-Quercy (46260)
2026-10-04T09:00:59.497192+00:00,npdc,gazole,446,2.3644,2.693,Étaples (62630),2.249,Haspres (59198)
2026-10-04T09:00:59.497192+00:00,npdc,e10,374,2.132,2.439,Havrincourt (62147),1.99,La Sentinelle (59174)
2026-10-04T09:30:53.366801+00:00,france,gazole,8518,2.3835,2.9,Paris (75007),2.19,Lannilis (29870)
2026-10-04T09:30:53.366801+00:00,france,e10,6870,2.1693,2.651,Mionnay (01390),1.98,Limogne-en-Quercy (46260)
2026-10-04T09:30:53.366801+00:00,npdc,gazole,445,2.3645,2.693,Étaples (62630),2.249,Haspres (59198)
2026-10-04T09:30:53.366801+00:00,npdc,e10,372,2.1328,2.439,Havrincourt (62147),1.99,La Sentinelle (59174)
2026-10-04T10:00:54.235967+00:00,france,gazole,8525,2.3834,2.9,Paris (75007),2.19,Lannilis (29870)
2026-10-04T10:00:54.235967+00:00,france,e10,6879,2.1691,2.651,Mionnay (01390),1.98,Limogne-en-Quercy (46260)
2026-10-04T10:00:54.235967+00:00,npdc,gazole,446,2.3643,2.693,Étaples (62630),2.249,Haspres (59198)
2026-10-04T10:00:54.235967+00:00,npdc,e10,373,2.1325,2.439,Havrincourt (62147),1.99,La Sentinelle (59174)
2026-10-04T10:30:59.617369+00:00,france,gazole,8510,2.3836,2.9,Paris (75007),2.19,Lannilis (29870)
2026-10-04T10:30:59.617369+00:00,france,e10,6854,2.1697,2.651,Mionnay (01390),1.98,Limogne-en-Quercy (46260)
2026-10-04T10:30:59.617369+00:00,npdc,gazole,445,2.3645,2.693,Étaples (62630),2.249,Haspres (59198)
2026-10-04T10:30:59.617369+00:00,npdc,e10,369,2.134,2.439,Havrincourt (62147),1.99,La Sentinelle (59174)
2026-10-04T11:01:07.187645+00:00,france,gazole,8516,2.3835,2.9,Paris (75007),2.19,Lannilis (29870)
2026-10-04T11:01:07.187645+00:00,france,e10,6863,2.1694,2.651,Mionnay (01390),1.98,Limogne-en-Quercy (46260)
2026-10-04T11:01:07.187645+00:00,npdc,gazole,446,2.3643,2.693,Étaples (62630),2.249,Haspres (59198)
2026-10-04T11:01:07.187645+00:00,npdc,e10,371,2.1332,2.439,Havrincourt (62147),1.99,La Sentinelle (59174)
2026-10-04T11:30:57.020308+00:00,france,gazole,8496,2.3838,2.9,Paris (75007),2.19,Lannilis (29870)
2026-10-04T11:30:57.020308+00:00,france,e10,6839,2.1701,2.651,Mionnay (01390),1.98,Limogne-en-Quercy (46260)
2026-10-04T11:30:57.020308+00:00,npdc,gazole,444,2.3648,2.693,Étaples (62630),2.249,Haspres (59198)
2026-10-04T11:30:57.020308+00:00,npdc,e10,367,2.1348,2.439,Havrincourt (62147),1.99,La Sentinelle (59174)
2026-10-04T12:00:58.279308+00:00,france,gazole,8488,2.3839,2.9,Paris (75007),2.19,Lannilis (29870)
2026-10-04T12:00:58.279308+00:00,france,e10,6832,2.1702,2.651,Mionnay (01390),1.98,Limogne-en-Quercy (46260)
2026-10-04T12:00:58.279308+00:00,npdc,gazole,445,2.3645,2.693,Étaples (62630),2.249,Haspres (59198)
2026-10-04T12:00:58.279308+00:00,npdc,e10,367,2.1348,2.439,Havrincourt (62147),1.99,La Sentinelle (59174)
2026-10-04T12:31:01.636523+00:00,france,gazole,8469,2.3842,2.9,Paris (75007),2.19,Lannilis (29870)
2026-10-04T12:31:01.636523+00:00,france,e10,6807,2.1709,2.651,Mionnay (01390),1.98,Limogne-en-Quercy (46260)
2026-10-04T12:31:01.636523+00:00,npdc,gazole,444,2.3648,2.693,Étaples (62630),2.249,Haspres (59198)
2026-10-04T12:31:01.636523+00:00,npdc,e10,364,2.136,2.439,Havrincourt (62147),1.99,La Sentinelle (59174)
2026-10-04T13:01:07.707137+00:00,france,gazole,8457,2.3844,2.9,Paris (75007),2.19,Lannilis (29870)
2026-10-04T13:01:07.707137+00:00,france,e10,6791,2.1714,2.651,Mionnay (01390),1.98,Limogne-en-Quercy (46260)
2026-10-04T13:01:07.707137+00:00,npdc,gazole,443,2.3649,2.693,Étaples (62630),2.249,Haspres (59198)
2026-10-04T13:01:07.707137+00:00,npdc,e10,363,2.1363,2.439,Havrincourt (62147),1.99,La Sentinelle (59174)
2026-10-04T13:29:02.804896+00:00,france,gazole,8461,2.3844,2.9,Paris (75007),2.19,Lannilis (29870)
2026-10-04T13:29:02.804896+00:00,france,e10,6797,2.1712,2.651,Mionnay (01390),1.98,Limogne-en-Quercy (46260)
2026-10-04T13:29:02.804896+00:00,npdc,gazole,444,2.3648,2.693,Étaples (62630),2.249,Haspres (59198)
2026-10-04T13:29:02.804896+00:00,npdc,e10,364,2.136,2.439,Havrincourt (62147),1.99,La Sentinelle (59174)
2026-10-04T13:30:56.002474+00:00,france,gazole,8447,2.3846,2.9,Paris (75007),2.19,Lannilis (29870)
2026-10-04T13:30:56.002474+00:00,france,e10,6780,2.1717,2.651,Mionnay (01390),1.98,Limogne-en-Quercy (46260)
2026-10-04T13:30:56.002474+00:00,npdc,gazole,441,2.3654,2.693,Étaples (62630),2.249,Haspres (59198)
2026-10-04T13:30:56.002474+00:00,npdc,e10,362,2.1367,2.439,Havrincourt (62147),1.99,La Sentinelle (59174)
2026-10-04T14:00:55.975116+00:00,france,gazole,8441,2.3847,2.9,Paris (75007),2.19,Lannilis (29870)
2026-10-04T14:00:55.975116+00:00,france,e10,6773,2.1718,2.651,Mionnay (01390),1.98,Limogne-en-Quercy (46260)
2026-10-04T14:00:55.975116+00:00,npdc,gazole,441,2.3654,2.693,Étaples (62630),2.249,Haspres (59198)
2026-10-04T14:00:55.975116+00:00,npdc,e10,362,2.1367,2.439,Havrincourt (62147),1.99,La Sentinelle (59174)
2026-10-04T14:07:37.010404+00:00,france,gazole,8441,2.3847,2.9,Paris (75007),2.19,Lannilis (29870)
2026-10-04T14:07:37.010404+00:00,france,e10,6773,2.1718,2.651,Mionnay (01390),1.98,Limogne-en-Quercy (46260)
2026-10-04T14:07:37.010404+00:00,npdc,gazole,441,2.3654,2.693,Étaples (62630),2.249,Haspres (59198)
2026-10-04T14:07:37.010404+00:00,npdc,e10,362,2.1367,2.439,Havrincourt (62147),1.99,La Sentinelle (59174)
2026-10-04T14:31:25.189041+00:00,france,gazole,8421,2.385,2.9,Paris (75007),2.19,Lannilis (29870)
2026-10-04T14:31:25.189041+00:00,france,e10,6747,2.1725,2.651,Mionnay (01390),1.98,Limogne-en-Quercy (46260)
2026-10-04T14:31:25.189041+00:00,npdc,gazole,437,2.3665,2.693,Étaples (62630),2.249,Haspres (59198)
2026-10-04T14:31:25.189041+00:00,npdc,e10,358,2.1383,2.439,Havrincourt (62147),1.99,La Sentinelle (59174)
2026-10-04T15:00:55.041645+00:00,france,gazole,8427,2.3849,2.9,Paris (75007),2.19,Lannilis (29870)
2026-10-04T15:00:55.041645+00:00,france,e10,6757,2.1723,2.651,Mionnay (01390),1.98,Limogne-en-Quercy (46260)
2026-10-04T15:00:55.041645+00:00,npdc,gazole,437,2.3665,2.693,Étaples (62630),2.249,Haspres (59198)
2026-10-04T15:00:55.041645+00:00,npdc,e10,358,2.1383,2.439,Havrincourt (62147),1.99,La Sentinelle (59174)
2026-10-04T15:30:54.262692+00:00,france,gazole,8415,2.3851,2.9,Paris (75007),2.19,Lannilis (29870)
2026-10-04T15:30:54.262692+00:00,france,e10,6739,2.1728,2.651,Mionnay (01390),1.98,Limogne-en-Quercy (46260)
2026-10-04T15:30:54.262692+00:00,npdc,gazole,437,2.3665,2.693,Étaples (62630),2.249,Haspres (59198)
2026-10-04T15:30:54.262692+00:00,npdc,e10,358,2.1383,2.439,Havrincourt (62147),1.99,La Sentinelle (59174)
2026-10-04T16:01:04.371479+00:00,france,gazole,8401,2.3853,2.9,Paris (75007),2.19,Lannilis (29870)
2026-10-04T16:01:04.371479+00:00,france,e10,6718,2.1733,2.651,Mionnay (01390),1.98,Limogne-en-Quercy (46260)
2026-10-04T16:01:04.371479+00:00,npdc,gazole,436,2.3667,2.693,Étaples (62630),2.249,Haspres (59198)
2026-10-04T16:01:04.371479+00:00,npdc,e10,357,2.1387,2.439,Havrincourt (62147),1.99,La Sentinelle (59174)
2026-10-04T16:31:02.908828+00:00,france,gazole,8390,2.3855,2.9,Paris (75007),2.19,Lannilis (29870)
2026-10-04T16:31:02.908828+00:00,france,e10,6710,2.1736,2.651,Mionnay (01390),1.98,Limogne-en-Quercy (46260)
2026-10-04T16:31:02.908828+00:00,npdc,gazole,435,2.367,2.693,Étaples (62630),2.249,Haspres (59198)
2026-10-04T16:31:02.908828+00:00,npdc,e10,357,2.1387,2.439,Havrincourt (62147),1.99,La Sentinelle (59174)
2026-10-04T17:01:04.276512+00:00,france,gazole,8405,2.3853,2.9,Paris (75007),2.19,Lannilis (29870)
2026-10-04T17:01:04.276512+00:00,france,e10,6720,2.1733,2.651,Mionnay (01390),1.98,Limogne-en-Quercy (46260)
2026-10-04T17:01:04.276512+00:00,npdc,gazole,436,2.3667,2.693,Étaples (62630),2.249,Haspres (59198)
2026-10-04T17:01:04.276512+00:00,npdc,e10,357,2.1387,2.439,Havrincourt (62147),1.99,La Sentinelle (59174)
2026-10-04T17:31:12.434436+00:00,france,gazole,8358,2.386,2.9,Paris (75007),2.19,Lannilis (29870)
2026-10-04T17:31:12.434436+00:00,france,e10,6678,2.1745,2.651,Mionnay (01390),1.989,Bourran (47320)
2026-10-04T17:31:12.434436+00:00,npdc,gazole,431,2.3681,2.693,Étaples (62630),2.249,Haspres (59198)
2026-10-04T17:31:12.434436+00:00,npdc,e10,354,2.14,2.439,Havrincourt (62147),1.99,La Sentinelle (59174)
2026-10-04T18:00:57.844373+00:00,france,gazole,8343,2.3863,2.9,Paris (75007),2.19,Lannilis (29870)
2026-10-04T18:00:57.844373+00:00,france,e10,6662,2.1749,2.651,Mionnay (01390),1.989,Bourran (47320)
2026-10-04T18:00:57.844373+00:00,npdc,gazole,431,2.3681,2.693,Étaples (62630),2.249,Haspres (59198)
2026-10-04T18:00:57.844373+00:00,npdc,e10,353,2.1404,2.439,Havrincourt (62147),1.99,La Sentinelle (59174)
2026-10-04T18:31:09.044498+00:00,france,gazole,8327,2.3866,2.9,Paris (75007),2.19,Lannilis (29870)
2026-10-04T18:31:09.044498+00:00,france,e10,6652,2.1752,2.651,Mionnay (01390),1.989,Bourran (47320)
2026-10-04T18:31:09.044498+00:00,npdc,gazole,428,2.3689,2.693,Étaples (62630),2.249,Haspres (59198)
2026-10-04T18:31:09.044498+00:00,npdc,e10,352,2.1409,2.439,Havrincourt (62147),1.99,La Sentinelle (59174)
2026-10-04T19:01:00.416344+00:00,france,gazole,8372,2.3858,2.9,Paris (75007),2.19,Lannilis (29870)
2026-10-04T19:01:00.416344+00:00,france,e10,6695,2.174,2.651,Mionnay (01390),1.98,Limogne-en-Quercy (46260)
2026-10-04T19:01:00.416344+00:00,npdc,gazole,432,2.3678,2.693,Étaples (62630),2.249,Haspres (59198)
2026-10-04T19:01:00.416344+00:00,npdc,e10,355,2.1396,2.439,Havrincourt (62147),1.99,La Sentinelle (59174)
2026-10-04T19:30:55.548722+00:00,france,gazole,8298,2.3869,2.9,Paris (75007),2.19,Lannilis (29870)
2026-10-04T19:30:55.548722+00:00,france,e10,6629,2.1757,2.651,Mionnay (01390),1.989,Bourran (47320)
2026-10-04T19:30:55.548722+00:00,npdc,gazole,425,2.3695,2.693,Étaples (62630),2.249,Haspres (59198)
2026-10-04T19:30:55.548722+00:00,npdc,e10,350,2.1414,2.439,Havrincourt (62147),1.99,La Sentinelle (59174)
2026-10-04T19:40:11.102788+00:00,france,gazole,8288,2.3871,2.9,Paris (75007),2.19,Lannilis (29870)
2026-10-04T19:40:11.102788+00:00,france,e10,6622,2.1759,2.651,Mionnay (01390),1.989,Bourran (47320)
2026-10-04T19:40:11.102788+00:00,npdc,gazole,425,2.3695,2.693,Étaples (62630),2.249,Haspres (59198)
2026-10-04T19:40:11.102788+00:00,npdc,e10,350,2.1414,2.439,Havrincourt (62147),1.99,La Sentinelle (59174)
2026-10-04T20:01:00.576958+00:00,france,gazole,8281,2.3872,2.9,Paris (75007),2.19,Lannilis (29870)
2026-10-04T20:01:00.576958+00:00,france,e10,6615,2.176,2.651,Mionnay (01390),1.989,Bourran (47320)
2026-10-04T20:01:00.576958+00:00,npdc,gazole,424,2.3698,2.693,Étaples (62630),2.249,Haspres (59198)
2026-10-04T20:01:00.576958+00:00,npdc,e10,349,2.1419,2.439,Havrincourt (62147),1.99,La Sentinelle (59174)
2026-10-04T20:30:55.482211+00:00,france,gazole,8281,2.3872,2.9,Paris (75007),2.19,Lannilis (29870)
2026-10-04T20:30:55.482211+00:00,france,e10,6615,2.176,2.651,Mionnay (01390),1.989,Bourran (47320)
2026-10-04T20:30:55.482211+00:00,npdc,gazole,424,2.3698,2.693,Étaples (62630),2.249,Haspres (59198)
2026-10-04T20:30:55.482211+00:00,npdc,e10,349,2.1419,2.439,Havrincourt (62147),1.99,La Sentinelle (59174)
2026-10-04T21:00:59.729974+00:00,france,gazole,8278,2.3872,2.9,Paris (75007),2.19,Lannilis (29870)
2026-10-04T21:00:59.729974+00:00,france,e10,6613,2.1761,2.651,Mionnay (01390),1.989,Bourran (47320)
2026-10-04T21:00:59.729974+00:00,npdc,gazole,424,2.3698,2.693,Étaples (62630),2.249,Haspres (59198)
2026-10-04T21:00:59.729974+00:00,npdc,e10,349,2.1419,2.439,Havrincourt (62147),1.99,La Sentinelle (59174)
2026-10-04T21:30:59.658936+00:00,france,gazole,8278,2.3872,2.9,Paris (75007),2.19,Lannilis (29870)
2026-10-04T21:30:59.658936+00:00,france,e10,6612,2.1761,2.651,Mionnay (01390),1.989,Bourran (47320)
2026-10-04T21:30:59.658936+00:00,npdc,gazole,424,2.3698,2.693,Étaples (62630),2.249,Haspres (59198)
2026-10-04T21:30:59.658936+00:00,npdc,e10,349,2.1419,2.439,Havrincourt (62147),1.99,La Sentinelle (59174)
2026-10-04T22:01:01.857803+00:00,france,gazole,8279,2.3872,2.9,Paris (75007),2.19,Lannilis (29870)
2026-10-04T22:01:01.857803+00:00,france,e10,6613,2.1762,2.651,Mionnay (01390),1.989,Bourran (47320)
2026-10-04T22:01:01.857803+00:00,npdc,gazole,424,2.3698,2.693,Étaples (62630),2.249,Haspres (59198)
2026-10-04T22:01:01.857803+00:00,npdc,e10,349,2.1419,2.439,Havrincourt (62147),1.99,La Sentinelle (59174)
2026-10-04T22:31:06.844841+00:00,france,gazole,8279,2.3872,2.9,Paris (75007),2.19,Lannilis (29870)
2026-10-04T22:31:06.844841+00:00,france,e10,6613,2.1762,2.651,Mionnay (01390),1.989,Bourran (47320)
2026-10-04T22:31:06.844841+00:00,npdc,gazole,424,2.3698,2.693,Étaples (62630),2.249,Haspres (59198)
2026-10-04T22:31:06.844841+00:00,npdc,e10,349,2.1419,2.439,Havrincourt (62147),1.99,La Sentinelle (59174)
2026-10-04T23:00:59.560150+00:00,france,gazole,8289,2.387,2.9,Paris (75007),2.19,Lannilis (29870)
2026-10-04T23:00:59.560150+00:00,france,e10,6627,2.1758,2.651,Mionnay (01390),1.989,Bourran (47320)
2026-10-04T23:00:59.560150+00:00,npdc,gazole,425,2.3695,2.693,Étaples (62630),2.249,Haspres (59198)
2026-10-04T23:00:59.560150+00:00,npdc,e10,351,2.1411,2.439,Havrincourt (62147),1.99,La Sentinelle (59174)
2026-10-04T23:12:57.727915+00:00,france,gazole,8289,2.387,2.9,Paris (75007),2.19,Lannilis (29870)
2026-10-04T23:12:57.727915+00:00,france,e10,6627,2.1759,2.651,Mionnay (01390),1.989,Bourran (47320)
2026-10-04T23:12:57.727915+00:00,npdc,gazole,425,2.3696,2.693,Étaples (62630),2.249,Haspres (59198)
2026-10-04T23:12:57.727915+00:00,npdc,e10,351,2.1412,2.439,Havrincourt (62147),1.99,La Sentinelle (59174)
2026-10-04T23:30:50.970932+00:00,france,gazole,8289,2.387,2.9,Paris (75007),2.19,Lannilis (29870)
2026-10-04T23:30:50.970932+00:00,france,e10,6627,2.1759,2.651,Mionnay (01390),1.989,Bourran (47320)
2026-10-04T23:30:50.970932+00:00,npdc,gazole,425,2.3696,2.693,Étaples (62630),2.249,Haspres (59198)
2026-10-04T23:30:50.970932+00:00,npdc,e10,351,2.1412,2.439,Havrincourt (62147),1.99,La Sentinelle (59174)
2026-10-05T00:01:04.755160+00:00,france,gazole,8279,2.3872,2.9,Paris (75007),2.19,Lannilis (29870)
2026-10-05T00:01:04.755160+00:00,france,e10,6613,2.1762,2.651,Mionnay (01390),1.989,Bourran (47320)
2026-10-05T00:01:04.755160+00:00,npdc,gazole,424,2.3698,2.693,Étaples (62630),2.249,Haspres (59198)
2026-10-05T00:01:04.755160+00:00,npdc,e10,349,2.1419,2.439,Havrincourt (62147),1.99,La Sentinelle (59174)
2026-10-05T00:30:51.833420+00:00,france,gazole,8289,2.387,2.9,Paris (75007),2.19,Lannilis (29870)
2026-10-05T00:30:51.833420+00:00,france,e10,6627,2.1759,2.651,Mionnay (01390),1.989,Bourran (47320)
2026-10-05T00:30:51.833420+00:00,npdc,gazole,425,2.3696,2.693,Étaples (62630),2.249,Haspres (59198)
2026-10-05T00:30:51.833420+00:00,npdc,e10,351,2.1412,2.439,Havrincourt (62147),1.99,La Sentinelle (59174)
2026-10-05T01:01:03.030176+00:00,france,gazole,8289,2.387,2.9,Paris (75007),2.19,Lannilis (29870)
2026-10-05T01:01:03.030176+00:00,france,e10,6627,2.1759,2.651,Mionnay (01390),1.989,Bourran (47320)
2026-10-05T01:01:03.030176+00:00,npdc,gazole,425,2.3696,2.693,Étaples (62630),2.249,Haspres (59198)
2026-10-05T01:01:03.030176+00:00,npdc,e10,351,2.1412,2.439,Havrincourt (62147),1.99,La Sentinelle (59174)
2026-10-05T01:30:55.458165+00:00,france,gazole,8289,2.387,2.9,Paris (75007),2.19,Lannilis (29870)
2026-10-05T01:30:55.458165+00:00,france,e10,6627,2.1759,2.651,Mionnay (01390),1.989,Bourran (47320)
2026-10-05T01:30:55.458165+00:00,npdc,gazole,425,2.3696,2.693,Étaples (62630),2.249,Haspres (59198)
2026-10-05T01:30:55.458165+00:00,npdc,e10,351,2.1412,2.439,Havrincourt (62147),1.99,La Sentinelle (59174)
2026-10-05T02:01:06.181805+00:00,france,gazole,8289,2.387,2.9,Paris (75007),2.19,Lannilis (29870)
2026-10-05T02:01:06.181805+00:00,france,e10,6627,2.1759,2.651,Mionnay (01390),1.989,Bourran (47320)
2026-10-05T02:01:06.181805+00:00,npdc,gazole,425,2.3696,2.693,Étaples (62630),2.249,Haspres (59198)
2026-10-05T02:01:06.181805+00:00,npdc,e10,351,2.1412,2.439,Havrincourt (62147),1.99,La Sentinelle (59174)
2026-10-05T02:30:48.805152+00:00,france,gazole,8289,2.387,2.9,Paris (75007),2.19,Lannilis (29870)
2026-10-05T02:30:48.805152+00:00,france,e10,6627,2.1759,2.651,Mionnay (01390),1.989,Bourran (47320)
2026-10-05T02:30:48.805152+00:00,npdc,gazole,425,2.3696,2.693,Étaples (62630),2.249,Haspres (59198)
2026-10-05T02:30:48.805152+00:00,npdc,e10,351,2.1412,2.439,Havrincourt (62147),1.99,La Sentinelle (59174)
2026-10-05T03:01:22.111226+00:00,france,gazole,8289,2.387,2.9,Paris (75007),2.19,Lannilis (29870)
2026-10-05T03:01:22.111226+00:00,france,e10,6627,2.1759,2.651,Mionnay (01390),1.989,Bourran (47320)
2026-10-05T03:01:22.111226+00:00,npdc,gazole,425,2.3696,2.693,Étaples (62630),2.249,Haspres (59198)
2026-10-05T03:01:22.111226+00:00,npdc,e10,351,2.1412,2.439,Havrincourt (62147),1.99,La Sentinelle (59174)
2026-10-05T03:30:58.401716+00:00,france,gazole,8289,2.387,2.9,Paris (75007),2.19,Lannilis (29870)
2026-10-05T03:30:58.401716+00:00,france,e10,6627,2.1759,2.651,Mionnay (01390),1.989,Bourran (47320)
2026-10-05T03:30:58.401716+00:00,npdc,gazole,425,2.3696,2.693,Étaples (62630),2.249,Haspres (59198)
2026-10-05T03:30:58.401716+00:00,npdc,e10,351,2.1412,2.439,Havrincourt (62147),1.99,La Sentinelle (59174)
2026-10-05T04:00:53.816911+00:00,france,gazole,8289,2.387,2.9,Paris (75007),2.19,Lannilis (29870)
2026-10-05T04:00:53.816911+00:00,france,e10,6627,2.1759,2.651,Mionnay (01390),1.989,Bourran (47320)
2026-10-05T04:00:53.816911+00:00,npdc,gazole,425,2.3696,2.693,Étaples (62630),2.249,Haspres (59198)
2026-10-05T04:00:53.816911+00:00,npdc,e10,351,2.1413,2.439,Havrincourt (62147),1.99,La Sentinelle (59174)
2026-10-05T04:31:08.471312+00:00,france,gazole,8296,2.3868,2.9,Paris (75007),2.19,Lannilis (29870)
2026-10-05T04:31:08.471312+00:00,france,e10,6635,2.1757,2.651,Mionnay (01390),1.989,Bourran (47320)
2026-10-05T04:31:08.471312+00:00,npdc,gazole,428,2.3687,2.693,Étaples (62630),2.249,Haspres (59198)
2026-10-05T04:31:08.471312+00:00,npdc,e10,354,2.1401,2.439,Havrincourt (62147),1.99,La Sentinelle (59174)
2026-10-05T05:01:00.338752+00:00,france,gazole,8291,2.387,2.9,Paris (75007),2.19,Lannilis (29870)
2026-10-05T05:01:00.338752+00:00,france,e10,6628,2.1759,2.651,Mionnay (01390),1.989,Bourran (47320)
2026-10-05T05:01:00.338752+00:00,npdc,gazole,425,2.3696,2.693,Étaples (62630),2.249,Haspres (59198)
2026-10-05T05:01:00.338752+00:00,npdc,e10,351,2.1413,2.439,Havrincourt (62147),1.99,La Sentinelle (59174)
2026-10-05T05:30:56.353139+00:00,france,gazole,8300,2.3867,2.9,Paris (75007),2.19,Lannilis (29870)
2026-10-05T05:30:56.353139+00:00,france,e10,6634,2.1757,2.651,Mionnay (01390),1.989,Bourran (47320)
2026-10-05T05:30:56.353139+00:00,npdc,gazole,430,2.3681,2.693,Étaples (62630),2.249,Haspres (59198)
2026-10-05T05:30:56.353139+00:00,npdc,e10,356,2.1392,2.439,Havrincourt (62147),1.99,La Sentinelle (59174)
2026-10-05T05:45:25.224099+00:00,france,gazole,8296,2.3868,2.9,Paris (75007),2.19,Lannilis (29870)
2026-10-05T05:45:25.224099+00:00,france,e10,6635,2.1757,2.651,Mionnay (01390),1.989,Bourran (47320)
2026-10-05T05:45:25.224099+00:00,npdc,gazole,428,2.3687,2.693,Étaples (62630),2.249,Haspres (59198)
2026-10-05T05:45:25.224099+00:00,npdc,e10,354,2.1401,2.439,Havrincourt (62147),1.99,La Sentinelle (59174)
2026-10-05T06:00:58.034456+00:00,france,gazole,8307,2.3866,2.9,Paris (75007),2.19,Lannilis (29870)
2026-10-05T06:00:58.034456+00:00,france,e10,6634,2.1757,2.651,Mionnay (01390),1.989,Bourran (47320)
2026-10-05T06:00:58.034456+00:00,npdc,gazole,429,2.3684,2.693,Étaples (62630),2.249,Haspres (59198)
2026-10-05T06:00:58.034456+00:00,npdc,e10,356,2.1392,2.439,Havrincourt (62147),1.99,La Sentinelle (59174)
2026-10-05T06:31:28.506020+00:00,france,gazole,8329,2.3861,2.9,Paris (75007),2.19,Lannilis (29870)
2026-10-05T06:31:28.506020+00:00,france,e10,6656,2.1751,2.651,Mionnay (01390),1.989,Bourran (47320)
2026-10-05T06:31:28.506020+00:00,npdc,gazole,430,2.368,2.693,Étaples (62630),2.249,Haspres (59198)
2026-10-05T06:31:28.506020+00:00,npdc,e10,358,2.1383,2.439,Havrincourt (62147),1.99,La Sentinelle (59174)
2026-10-05T07:01:01.910132+00:00,france,gazole,8322,2.3859,2.9,Paris (75007),2.19,Lannilis (29870)
2026-10-05T07:01:01.910132+00:00,france,e10,6645,2.1753,2.651,Mionnay (01390),1.989,Bourran (47320)
2026-10-05T07:01:01.910132+00:00,npdc,gazole,431,2.3677,2.693,Étaples (62630),2.249,Haspres (59198)
2026-10-05T07:01:01.910132+00:00,npdc,e10,356,2.1391,2.439,Havrincourt (62147),1.99,La Sentinelle (59174)
2026-10-05T07:30:54.940104+00:00,france,gazole,8328,2.3856,2.9,Paris (75007),2.19,Lannilis (29870)
2026-10-05T07:30:54.940104+00:00,france,e10,6643,2.1754,2.651,Mionnay (01390),1.989,Bourran (47320)
2026-10-05T07:30:54.940104+00:00,npdc,gazole,435,2.3667,2.693,Étaples (62630),2.249,Haspres (59198)
2026-10-05T07:30:54.940104+00:00,npdc,e10,362,2.1368,2.439,Havrincourt (62147),1.99,La Sentinelle (59174)
2026-10-05T08:00:52.502371+00:00,france,gazole,8321,2.3851,2.9,Paris (75007),2.19,Lannilis (29870)
2026-10-05T08:00:52.502371+00:00,france,e10,6640,2.1753,2.651,Mionnay (01390),1.989,Bourran (47320)
2026-10-05T08:00:52.502371+00:00,npdc,gazole,436,2.3659,2.693,Étaples (62630),2.249,Haspres (59198)
2026-10-05T08:00:52.502371+00:00,npdc,e10,362,2.1368,2.439,Havrincourt (62147),1.99,La Sentinelle (59174)
2026-10-05T08:30:55.138977+00:00,france,gazole,8325,2.3843,2.9,Paris (75007),2.19,Lannilis (29870)
2026-10-05T08:30:55.138977+00:00,france,e10,6648,2.175,2.651,Mionnay (01390),1.989,Bourran (47320)
2026-10-05T08:30:55.138977+00:00,npdc,gazole,433,2.366,2.684,Étaples (62630),2.249,Haspres (59198)
2026-10-05T08:30:55.138977+00:00,npdc,e10,363,2.1364,2.439,Havrincourt (62147),1.99,La Sentinelle (59174)
2026-10-05T09:01:02.016967+00:00,france,gazole,8331,2.384,2.9,Paris (75007),2.19,Lannilis (29870)
2026-10-05T09:01:02.016967+00:00,france,e10,6662,2.1746,2.651,Mionnay (01390),1.989,Bourran (47320)
2026-10-05T09:01:02.016967+00:00,npdc,gazole,432,2.3662,2.684,Étaples (62630),2.249,Haspres (59198)
2026-10-05T09:01:02.016967+00:00,npdc,e10,363,2.1365,2.439,Havrincourt (62147),1.99,La Sentinelle (59174)
2026-10-05T09:30:52.257477+00:00,france,gazole,8311,2.3847,2.9,Paris (75007),2.119,Melle (79500)
2026-10-05T09:30:52.257477+00:00,france,e10,6636,2.1753,2.651,Mionnay (01390),1.989,Bourran (47320)
2026-10-05T09:30:52.257477+00:00,npdc,gazole,432,2.3667,2.684,Étaples (62630),2.249,Haspres (59198)
2026-10-05T09:30:52.257477+00:00,npdc,e10,361,2.1378,2.439,Havrincourt (62147),1.99,La Sentinelle (59174)
2026-10-05T10:00:56.352875+00:00,france,gazole,8346,2.3837,2.9,Paris (75007),2.19,Lannilis (29870)
2026-10-05T10:00:56.352875+00:00,france,e10,6671,2.1744,2.651,Mionnay (01390),1.989,Bourran (47320)
2026-10-05T10:00:56.352875+00:00,npdc,gazole,431,2.3664,2.684,Étaples (62630),2.249,Haspres (59198)
2026-10-05T10:00:56.352875+00:00,npdc,e10,363,2.1362,2.439,Havrincourt (62147),1.99,La Sentinelle (59174)
2026-10-05T10:31:00.470099+00:00,france,gazole,8350,2.3835,2.9,Paris (75007),2.19,Lannilis (29870)
2026-10-05T10:31:00.470099+00:00,france,e10,6680,2.174,2.651,Mionnay (01390),1.989,Bourran (47320)
2026-10-05T10:31:00.470099+00:00,npdc,gazole,436,2.365,2.684,Étaples (62630),2.249,Haspres (59198)
2026-10-05T10:31:00.470099+00:00,npdc,e10,368,2.1342,2.439,Havrincourt (62147),1.99,La Sentinelle (59174)
